Workbook

Sheet Nota Explicativa
B2: Nota Explicativa — Como Funciona Esta Planilha
B4: 1. Objetivo
B5: Estimar a economia decorrente da equiparação das idades mínimas da aposentadoria rural por idade às da clientela urbana (de 60 anos para 65, homens; de 55 para 62, mulheres), em valores nominais e reais (R$ de 2026), até 2060. Dois desenhos de transição são calculados em abas distintas, ambas igualmente válidas: "Transição 9 H e 13 M Anos" (acréscimo de 1 ano a cada 2 anos a partir de 2027: 9 anos para os homens e 13 para as mulheres) e "Transição Uniforme 10 Anos" (acréscimo gradual, em meses, aplicado a cada janeiro, com a mesma duração de 10 anos para ambos os sexos). Cada aba traz também o cenário sem transição (idade proposta exigida desde 2027). A duração de cada transição consta da premissa 6 (seção 6).
B6: Refinamento em relação à versão anterior: na regra vigente (cenário de referência), a concessão passa a ocorrer, por padrão, na idade média efetiva (Ī, média 2020–2025 por sexo), e não na idade mínima vigente. O quadro "Cenário de Referência" de cada aba permite alternar entre as duas.
B8: 2. Estrutura
B9: As duas abas de cálculo, "Transição 9 H e 13 M Anos" e "Transição Uniforme 10 Anos", têm a mesma estrutura: tabela principal (B2:W55); quadro "Cenário de Referência" (Y5:AA9) e resultado acumulado (AC5:AE8); parâmetros (Y12:AA20); idade média efetiva (AG5:AI14); e, abaixo da tabela principal, a memória de cálculo das colunas M e S (linha 59 em diante, agrupada: use o [+] para expandir). Na aba "Transição Uniforme 10 Anos", a memória de cálculo inclui ainda a tabela de acréscimo exigido por ano e o cálculo por mês de entrada, e o quadro AC11:AE16 compara os resultados das duas abas.
B10: Os dados comuns (fluxo de concessões, salário mínimo e inflação, idades médias, idades mínimas, início da vigência e pagamentos por ano) são digitados uma única vez, na aba "Transição 9 H e 13 M Anos", e vinculados por fórmula à aba "Transição Uniforme 10 Anos". São próprios de cada aba o seletor do cenário de referência (Z6) e a regra de transição: o intervalo entre acréscimos (Z19) na aba "Transição 9 H e 13 M Anos" e a duração da transição (Z19) na aba "Transição Uniforme 10 Anos". A memória de cálculo contém fórmulas automáticas e não requer edição. Esta aba é apenas explicativa: nenhuma fórmula depende dela.
B12: 3. Passo a passo do cálculo
B13: 1) Fluxo de concessões (colunas C a H). Histórico do AEPS até 2024; a partir de 2025, População × Constância de Incidência (média 2020–2024). Cada ano forma uma coorte: os segurados que atingem a idade mínima vigente (60 anos, homens; 55, mulheres) naquele ano.
B14: 2) Atraso da concessão na regra vigente (Z16:AA17, em cada aba). A diferença entre Ī (60,735 anos, homens; 56,330, mulheres) e a idade mínima vigente, em meses inteiros, é o parâmetro Δ: 9 meses (homens) e 16 meses (mulheres) com o seletor em "Idade média efetiva"; com o seletor em "Idade mínima vigente", Δ = 0.
B15: 3) Idade mínima exigida em cada ano. Em ambas as abas, o cenário sem transição exige a idade proposta desde 2027. Nos cenários com transição, a aba "Transição 9 H e 13 M Anos" eleva a idade mínima em 1 ano a cada Z19 anos (padrão: 2), a partir de 2027 (Z18), até 65 anos (homens) e 62 anos (mulheres), o que leva 9 e 13 anos, respectivamente. Já a aba "Transição Uniforme 10 Anos" eleva a idade mínima em meses a cada janeiro, a partir de 2027, ao longo de Z19 anos (padrão: 10), para ambos os sexos: o acréscimo no ano é igual a 12 × (idade proposta − idade vigente) × n ÷ duração, com n = anos desde o início da vigência (limitado à duração), expresso em meses. Com 10 anos, os homens têm +6 meses por ano e as mulheres +8,4 meses por ano, o que exige arredondamento ao mês inteiro, tratado no parágrafo seguinte.
B16: Arredondamento do acréscimo (aba "Transição Uniforme 10 Anos"). O arredondamento citado no item 3 decorre de a idade exigida variar apenas em meses inteiros e de o acréscimo anual das mulheres não ser inteiro: 84 meses (de 55 para 62 anos) em 10 anos equivalem a 8,4 meses por ano. Por essa razão, para cada ano de vigência n, a planilha calcula o acréscimo acumulado exato (84 × n ÷ 10) e o arredonda ao mês inteiro mais próximo, pela fórmula ARRED[12 × (62 − 55) × n ÷ 10; 0]. Em meses acumulados (exato → arredondado), o resultado é: n = 1: 8,4 → 8; 2: 16,8 → 17; 3: 25,2 → 25; 4: 33,6 → 34; 5: 42,0 → 42; 6: 50,4 → 50; 7: 58,8 → 59; 8: 67,2 → 67; 9: 75,6 → 76; 10: 84,0 → 84. Com isso, os saltos de cada janeiro alternam entre 8 e 9 meses (8, 9, 8, 9, 8, 8, 9, 8, 9, 8). Como o arredondamento incide sobre o acumulado, e não sobre cada salto, o desvio em relação ao percurso exato nunca excede 0,5 mês e não se acumula: em 2036, último ano da transição, o acréscimo é exatamente 84 meses e as mulheres chegam a 62 anos. Para os homens, ao contrário, não há arredondamento, pois 60 meses em 10 anos equivalem exatamente a 6 meses por ano. Com outras durações (Z19), o mesmo procedimento se aplica a ambos os sexos.
... B44: 14) Desenho do acréscimo na aba "Transição Uniforme 10 Anos": o acréscimo em meses, em vez de degraus anuais, evita que a idade exigida suba 1 ano por ano e acompanhe o envelhecimento das coortes, o que impediria a concessão até o fim da transição; há precedente na EC nº 103/2019 (art. 16, § 1º, e art. 18, § 1º, com 6 meses por ano). A escolha do desenho é decisão de política.

Sheet Transição 9 H e 13 M Anos
B2: Análise da Economia Estimada com a Proposta de Aumento da Idade Mínima para Aposentadoria Rural
B3: Fluxo de Concessões e Parâmetros Econômicos | L3: Sem Transição | R3: ="Transição de "&(($Z$15-$Z$14-1)*$Z$19+1)&" anos (H) e "&(($AA$15-$AA$14-1)*$Z$19+1)&" anos (M)" -> Transição de 9 anos (H) e 13 anos (M)
B4: Ano | C4: Aposentadorias Rurais por Idade Concedidas para o Sexo Masculino | D4: População de Homens com 60 anos | E4: Constância de Incidência (Homens) | F4: Aposentadorias Rurais por Idade Concedidas para o Sexo Feminino | G4: População de Mulheres com 55 anos | H4: Constância de Incidência (Mulheres) | I4: Salário Mínimo | J4: Inflação (INPC) | K4: Inflação Acumulada | L4: Idade Mínima | M4: Emissões Adiadas | N4: Economia Nominal Projetada | O4: Economia Nominal Projetada Acumulada | P4: Economia Real Projetada | Q4: Economia Real Projetada Acumulada | R4: Idade Mínima | S4: Emissões Adiadas | T4: Economia Nominal Projetada | U4: Economia Nominal Projetada Acumulada | V4: Economia Real Projetada | W4: Economia Real Projetada Acumulada
B5: 2010 | C5: 147356 | D5: 684213 | E5: =C5/D5 -> 0.21536568 | F5: 199978 | G5: 958517 | H5: =F5/G5 -> 0.20863271 | I5: 510 | J5: 0.064652 | K5: - | L5: =IF($B5<$Z$18,$AA$14&"M / "&$Z$14&"H",$AA$15&"M / "&$Z$15&"H") -> 55M / 60H | M5: - | N5: 0 | O5: 0 | P5: 0 | Q5: 0 | R5: =IF($B5<$Z$18,$AA$14&"M / "&$Z$14&"H",MIN($AA$15,$AA$14+1+INT(($B5-$Z$18)/$Z$19))&"M / "&MIN($Z$15,$Z$14+1+INT(($B5-$Z$18)/$Z$19))&"H") -> 55M / 60H | S5: - | T5: 0 | U5: 0 | V5: 0 | W5: 0 | Y5: Cenário de Referência — Idade de Concessão na Regra Vigente | AC5: Resultado do Cenário Selecionado | AG5: Idade Média Efetiva na DIB (Rural)
B6: 2011 | C6: 141310 | D6: 709218 | E6: =C6/D6 -> 0.19924762 | F6: 201742 | G6: 991806 | H6: =F6/G6 -> 0.20340873 | I6: 540 | J6: 0.060799 | K6: - | L6: =IF($B6<$Z$18,$AA$14&"M / "&$Z$14&"H",$AA$15&"M / "&$Z$15&"H") -> 55M / 60H | M6: - | N6: 0 | O6: 0 | P6: 0 | Q6: 0 | R6: =IF($B6<$Z$18,$AA$14&"M / "&$Z$14&"H",MIN($AA$15,$AA$14+1+INT(($B6-$Z$18)/$Z$19))&"M / "&MIN($Z$15,$Z$14+1+INT(($B6-$Z$18)/$Z$19))&"H") -> 55M / 60H | S6: - | T6: 0 | U6: 0 | V6: 0 | W6: 0 | Y6: Idade de concessão adotada (selecionar na lista): | Z6: Idade média efetiva | AC6: Economia Real Acumulada | AD6: Até 2030 | AE6: Até 2060 | AG6: Ano | AH6: Homens | AI6: Mulheres
B7: 2012 | C7: 148810 | D7: 734954 | E7: =C7/D7 -> 0.20247526 | F7: 203190 | G7: 1024678 | H7: =F7/G7 -> 0.19829644 | I7: 622 | J7: 0.061978 | K7: - | L7: =IF($B7<$Z$18,$AA$14&"M / "&$Z$14&"H",$AA$15&"M / "&$Z$15&"H") -> 55M / 60H | M7: - | N7: 0 | O7: 0 | P7: 0 | Q7: 0 | R7: =IF($B7<$Z$18,$AA$14&"M / "&$Z$14&"H",MIN($AA$15,$AA$14+1+INT(($B7-$Z$18)/$Z$19))&"M / "&MIN($Z$15,$Z$14+1+INT(($B7-$Z$18)/$Z$19))&"H") -> 55M / 60H | S7: - | T7: 0 | U7: 0 | V7: 0 | W7: 0 | Y7: Idade média efetiva: concessão aos Ī anos, em média (Δ meses após a idade mínima vigente). | AC7: Sem Transição | AD7: =Q25 -> 4.0476722e+10 | AE7: =Q55 -> 2.1230628e+12 | AG7: 2020 | AH7: 60.56 | AI7: 56.08
B8: 2013 | C8: 148885 | D8: 761573 | E8: =C8/D8 -> 0.19549669 | F8: 209735 | G8: 1057683 | H8: =F8/G8 -> 0.19829665 | I8: 678 | J8: 0.055627 | K8: - | L8: =IF($B8<$Z$18,$AA$14&"M / "&$Z$14&"H",$AA$15&"M / "&$Z$15&"H") -> 55M / 60H | M8: - | N8: 0 | O8: 0 | P8: 0 | Q8: 0 | R8: =IF($B8<$Z$18,$AA$14&"M / "&$Z$14&"H",MIN($AA$15,$AA$14+1+INT(($B8-$Z$18)/$Z$19))&"M / "&MIN($Z$15,$Z$14+1+INT(($B8-$Z$18)/$Z$19))&"H") -> 55M / 60H | S8: - | T8: 0 | U8: 0 | V8: 0 | W8: 0 | Y8: Idade mínima vigente: concessão exatamente aos 60 (H) e 55 (M) anos (premissa original). | AC8: ="Transição de "&(($Z$15-$Z$14-1)*$Z$19+1)&" anos (H) e "&(($AA$15-$AA$14-1)*$Z$19+1)&" anos (M)" -> Transição de 9 anos (H) e 13 anos (M) | AD8: =W25 -> 1.5394883e+10 | AE8: =W55 -> 1.9674513e+12 | AG8: 2021 | AH8: 60.74 | AI8: 56.24
B9: 2014 | C9: 148068 | D9: 789185 | E9: =C9/D9 -> 0.18762141 | F9: 189793 | G9: 1090856 | H9: =F9/G9 -> 0.17398538 | I9: 724 | J9: 0.062283 | K9: - | L9: =IF($B9<$Z$18,$AA$14&"M / "&$Z$14&"H",$AA$15&"M / "&$Z$15&"H") -> 55M / 60H | M9: - | N9: 0 | O9: 0 | P9: 0 | Q9: 0 | R9: =IF($B9<$Z$18,$AA$14&"M / "&$Z$14&"H",MIN($AA$15,$AA$14+1+INT(($B9-$Z$18)/$Z$19))&"M / "&MIN($Z$15,$Z$14+1+INT(($B9-$Z$18)/$Z$19))&"H") -> 55M / 60H | S9: - | T9: 0 | U9: 0 | V9: 0 | W9: 0 | Y9: Observação: define o ponto de partida (Δ) nos cenários sem e com transição. | AC9: =IF($C$108="OK","R$ bi deflacionados; atualizam com o seletor ao lado.","ATENÇÃO: ampliar as colunas k da memória de cálculo.") -> R$ bi deflacionados; atualizam com o seletor ao lado. | AG9: 2022 | AH9: 60.78 | AI9: 56.31
B10: 2015 | C10: 123166 | D10: 817332 | E10: =C10/D10 -> 0.15069274 | F10: 163510 | G10: 1123521 | H10: =F10/G10 -> 0.14553355 | I10: 788 | J10: 0.112762 | K10: - | L10: =IF($B10<$Z$18,$AA$14&"M / "&$Z$14&"H",$AA$15&"M / "&$Z$15&"H") -> 55M / 60H | M10: - | N10: 0 | O10: 0 | P10: 0 | Q10: 0 | R10: =IF($B10<$Z$18,$AA$14&"M / "&$Z$14&"H",MIN($AA$15,$AA$14+1+INT(($B10-$Z$18)/$Z$19))&"M / "&MIN($Z$15,$Z$14+1+INT(($B10-$Z$18)/$Z$19))&"H") -> 55M / 60H | S10: - | T10: 0 | U10: 0 | V10: 0 | W10: 0 | AG10: 2023 | AH10: 60.82 | AI10: 56.48
B11: 2016 | C11: 137321 | D11: 845348 | E11: =C11/D11 -> 0.16244316 | F11: 168089 | G11: 1155913 | H11: =F11/G11 -> 0.14541665 | I11: 880 | J11: 0.0658 | K11: - | L11: =IF($B11<$Z$18,$AA$14&"M / "&$Z$14&"H",$AA$15&"M / "&$Z$15&"H") -> 55M / 60H | M11: - | N11: 0 | O11: 0 | P11: 0 | Q11: 0 | R11: =IF($B11<$Z$18,$AA$14&"M / "&$Z$14&"H",MIN($AA$15,$AA$14+1+INT(($B11-$Z$18)/$Z$19))&"M / "&MIN($Z$15,$Z$14+1+INT(($B11-$Z$18)/$Z$19))&"H") -> 55M / 60H | S11: - | T11: 0 | U11: 0 | V11: 0 | W11: 0 | AG11: 2024 | AH11: 60.79 | AI11: 56.58
B12: 2017 | C12: 143953 | D12: 872932 | E12: =C12/D12 -> 0.16490746 | F12: 180043 | G12: 1186329 | H12: =F12/G12 -> 0.15176481 | I12: 937 | J12: 0.020669 | K12: - | L12: =IF($B12<$Z$18,$AA$14&"M / "&$Z$14&"H",$AA$15&"M / "&$Z$15&"H") -> 55M / 60H | M12: - | N12: 0 | O12: 0 | P12: 0 | Q12: 0 | R12: =IF($B12<$Z$18,$AA$14&"M / "&$Z$14&"H",MIN($AA$15,$AA$14+1+INT(($B12-$Z$18)/$Z$19))&"M / "&MIN($Z$15,$Z$14+1+INT(($B12-$Z$18)/$Z$19))&"H") -> 55M / 60H | S12: - | T12: 0 | U12: 0 | V12: 0 | W12: 0 | Y12: Parâmetros de Regra e de Cálculo | AG12: 2025 | AH12: 60.72 | AI12: 56.29
B13: 2018 | C13: 128360 | D13: 900259 | E13: =C13/D13 -> 0.14258119 | F13: 166897 | G13: 1211645 | H13: =F13/G13 -> 0.13774414 | I13: 954 | J13: 0.03434 | K13: - | L13: =IF($B13<$Z$18,$AA$14&"M / "&$Z$14&"H",$AA$15&"M / "&$Z$15&"H") -> 55M / 60H | M13: - | N13: 0 | O13: 0 | P13: 0 | Q13: 0 | R13: =IF($B13<$Z$18,$AA$14&"M / "&$Z$14&"H",MIN($AA$15,$AA$14+1+INT(($B13-$Z$18)/$Z$19))&"M / "&MIN($Z$15,$Z$14+1+INT(($B13-$Z$18)/$Z$19))&"H") -> 55M / 60H | S13: - | T13: 0 | U13: 0 | V13: 0 | W13: 0 | Y13: Parâmetro | Z13: Homens | AA13: Mulheres | AG13: Média 2020–2025 | AH13: =AVERAGE(AH7:AH12) -> 60.735 | AI13: =AVERAGE(AI7:AI12) -> 56.33
B14: 2019 | C14: 112392 | D14: 927304 | E14: =C14/D14 -> 0.12120297 | F14: 146999 | G14: 1238650 | H14: =F14/G14 -> 0.11867679 | I14: 998 | J14: 0.044816 | K14: - | L14: =IF($B14<$Z$18,$AA$14&"M / "&$Z$14&"H",$AA$15&"M / "&$Z$15&"H") -> 55M / 60H | M14: - | N14: 0 | O14: 0 | P14: 0 | Q14: 0 | R14: =IF($B14<$Z$18,$AA$14&"M / "&$Z$14&"H",MIN($AA$15,$AA$14+1+INT(($B14-$Z$18)/$Z$19))&"M / "&MIN($Z$15,$Z$14+1+INT(($B14-$Z$18)/$Z$19))&"H") -> 55M / 60H | S14: - | T14: 0 | U14: 0 | V14: 0 | W14: 0 | Y14: Idade mínima vigente (anos) | Z14: 60 | AA14: 55 | AG14: Projeção 2026–2060 | AH14: =AH13 -> 60.735 | AI14: =AI13 -> 56.33
B15: 2020 | C15: 125151 | D15: 952510 | E15: =C15/D15 -> 0.13139075 | F15: 154416 | G15: 1259472 | H15: =F15/G15 -> 0.12260376 | I15: 1045 | J15: 0.054473 | K15: - | L15: =IF($B15<$Z$18,$AA$14&"M / "&$Z$14&"H",$AA$15&"M / "&$Z$15&"H") -> 55M / 60H | M15: - | N15: 0 | O15: 0 | P15: 0 | Q15: 0 | R15: =IF($B15<$Z$18,$AA$14&"M / "&$Z$14&"H",MIN($AA$15,$AA$14+1+INT(($B15-$Z$18)/$Z$19))&"M / "&MIN($Z$15,$Z$14+1+INT(($B15-$Z$18)/$Z$19))&"H") -> 55M / 60H | S15: - | T15: 0 | U15: 0 | V15: 0 | W15: 0 | Y15: Idade mínima proposta — equiparada à urbana (anos) | Z15: 65 | AA15: 62 | AG15: Observação: idade média na data de início do benefício (DIB) das aposentadorias por idade rurais concedidas em cada ano. A média simples 2020–2025 é mantida constante até 2060 e alimenta Ī (Z16:AA16).
B16: 2021 | C16: 144418 | D16: 974702 | E16: =C16/D16 -> 0.14816631 | F16: 177797 | G16: 1271298 | H16: =F16/G16 -> 0.1398547 | I16: 1100 | J16: 0.101602 | K16: - | L16: =IF($B16<$Z$18,$AA$14&"M / "&$Z$14&"H",$AA$15&"M / "&$Z$15&"H") -> 55M / 60H | M16: - | N16: 0 | O16: 0 | P16: 0 | Q16: 0 | R16: =IF($B16<$Z$18,$AA$14&"M / "&$Z$14&"H",MIN($AA$15,$AA$14+1+INT(($B16-$Z$18)/$Z$19))&"M / "&MIN($Z$15,$Z$14+1+INT(($B16-$Z$18)/$Z$19))&"H") -> 55M / 60H | S16: - | T16: 0 | U16: 0 | V16: 0 | W16: 0 | Y16: Idade média efetiva de concessão — Ī (anos) | Z16: =AH14 -> 60.735 | AA16: =AI14 -> 56.33 | AG16: Fonte: base Concedidos (SUIBE/INSS), espécie 41. Por ser valor pontual, não captura a dispersão das idades de concessão (premissa 9 da Nota Explicativa).
B17: 2022 | C17: 181243 | D17: 996419 | E17: =C17/D17 -> 0.18189436 | F17: 219393 | G17: 1278635 | H17: =F17/G17 -> 0.17158376 | I17: 1212 | J17: 0.059324 | K17: - | L17: =IF($B17<$Z$18,$AA$14&"M / "&$Z$14&"H",$AA$15&"M / "&$Z$15&"H") -> 55M / 60H | M17: - | N17: 0 | O17: 0 | P17: 0 | Q17: 0 | R17: =IF($B17<$Z$18,$AA$14&"M / "&$Z$14&"H",MIN($AA$15,$AA$14+1+INT(($B17-$Z$18)/$Z$19))&"M / "&MIN($Z$15,$Z$14+1+INT(($B17-$Z$18)/$Z$19))&"H") -> 55M / 60H | S17: - | T17: 0 | U17: 0 | V17: 0 | W17: 0 | Y17: Defasagem da concessão na regra vigente — Δ (meses) | Z17: =IF($Z$6="Idade média efetiva",ROUND(12*(Z16-Z14),0),0) -> 9 | AA17: =IF($Z$6="Idade média efetiva",ROUND(12*(AA16-AA14),0),0) -> 16
B18: 2023 | C18: 198543 | D18: 1018596 | E18: =C18/D18 -> 0.1949183 | F18: 240257 | G18: 1286407 | H18: =F18/G18 -> 0.18676593 | I18: 1320 | J18: 0.03707 | K18: - | L18: =IF($B18<$Z$18,$AA$14&"M / "&$Z$14&"H",$AA$15&"M / "&$Z$15&"H") -> 55M / 60H | M18: - | N18: 0 | O18: 0 | P18: 0 | Q18: 0 | R18: =IF($B18<$Z$18,$AA$14&"M / "&$Z$14&"H",MIN($AA$15,$AA$14+1+INT(($B18-$Z$18)/$Z$19))&"M / "&MIN($Z$15,$Z$14+1+INT(($B18-$Z$18)/$Z$19))&"H") -> 55M / 60H | S18: - | T18: 0 | U18: 0 | V18: 0 | W18: 0 | Y18: Início da vigência da nova regra (ano) | Z18: 2027
B19: 2024 | C19: 180610 | D19: 1041403 | E19: =C19/D19 -> 0.1734295 | F19: 211739 | G19: 1296107 | H19: =F19/G19 -> 0.16336537 | I19: 1412 | J19: 0.0477 | K19: - | L19: =IF($B19<$Z$18,$AA$14&"M / "&$Z$14&"H",$AA$15&"M / "&$Z$15&"H") -> 55M / 60H | M19: - | N19: 0 | O19: 0 | P19: 0 | Q19: 0 | R19: =IF($B19<$Z$18,$AA$14&"M / "&$Z$14&"H",MIN($AA$15,$AA$14+1+INT(($B19-$Z$18)/$Z$19))&"M / "&MIN($Z$15,$Z$14+1+INT(($B19-$Z$18)/$Z$19))&"H") -> 55M / 60H | S19: - | T19: 0 | U19: 0 | V19: 0 | W19: 0 | Y19: Intervalo entre acréscimos de 1 ano na transição (anos) | Z19: 2
B20: 2025 | C20: =D20*E20 -> 176201.89 | D20: 1061714 | E20: =AVERAGE($E$15:$E$19) -> 0.16595984 | F20: =G20*H20 -> 205285.49 | G20: 1308929 | H20: =AVERAGE($H$15:$H$19) -> 0.1568347 | I20: 1518 | J20: 0.039 | K20: - | L20: =IF($B20<$Z$18,$AA$14&"M / "&$Z$14&"H",$AA$15&"M / "&$Z$15&"H") -> 55M / 60H | M20: - | N20: 0 | O20: 0 | P20: 0 | Q20: 0 | R20: =IF($B20<$Z$18,$AA$14&"M / "&$Z$14&"H",MIN($AA$15,$AA$14+1+INT(($B20-$Z$18)/$Z$19))&"M / "&MIN($Z$15,$Z$14+1+INT(($B20-$Z$18)/$Z$19))&"H") -> 55M / 60H | S20: - | T20: 0 | U20: 0 | V20: 0 | W20: 0 | Y20: Pagamentos por ano (12 mensalidades + 13º) | Z20: 13
B21: 2026 | C21: =D21*E21 -> 178600.84 | D21: 1076169 | E21: =AVERAGE($E$15:$E$19) -> 0.16595984 | F21: =G21*H21 -> 207827.47 | G21: 1325137 | H21: =AVERAGE($H$15:$H$19) -> 0.1568347 | I21: 1621 | J21: 0.0376 | K21: 1 | L21: =IF($B21<$Z$18,$AA$14&"M / "&$Z$14&"H",$AA$15&"M / "&$Z$15&"H") -> 55M / 60H | M21: - | N21: 0 | O21: 0 | P21: 0 | Q21: 0 | R21: =IF($B21<$Z$18,$AA$14&"M / "&$Z$14&"H",MIN($AA$15,$AA$14+1+INT(($B21-$Z$18)/$Z$19))&"M / "&MIN($Z$15,$Z$14+1+INT(($B21-$Z$18)/$Z$19))&"H") -> 55M / 60H | S21: - | T21: 0 | U21: 0 | V21: 0 | W21: 0 | Y21: Observação: células em azul são entradas editáveis. Idade mínima vigente = A₀; Ī = idade média efetiva de concessão (média 2020–2025, tabela ao lado); a idade mínima proposta equipara a rural à urbana (65 anos, homens; 62, mulheres).
B22: 2027 | C22: =D22*E22 -> 180313.88 | D22: 1086491 | E22: =AVERAGE($E$15:$E$19) -> 0.16595984 | F22: =G22*H22 -> 210859.08 | G22: 1344467 | H22: =AVERAGE($H$15:$H$19) -> 0.1568347 | I22: 1716.9632 | J22: 0.0306 | K22: =K21*(1+J22) -> 1.0306 | L22: =IF($B22<$Z$18,$AA$14&"M / "&$Z$14&"H",$AA$15&"M / "&$Z$15&"H") -> 62M / 65H | M22: =SUMPRODUCT(($B$110:$B$245="Sem Transição")*$E$110:$E$245*$N$110:$U$245*(($D$110:$D$245+$N$109:$U$109)=$B22)) -> 97670.017 | N22: =M22*I22 -> 1.6769582e+08 | O22: =SUM(N$22:N22) -> 1.6769582e+08 | P22: =N22/$K22 -> 1.6271669e+08 | Q22: =SUM(P$22:P22) -> 1.6271669e+08 | R22: =IF($B22<$Z$18,$AA$14&"M / "&$Z$14&"H",MIN($AA$15,$AA$14+1+INT(($B22-$Z$18)/$Z$19))&"M / "&MIN($Z$15,$Z$14+1+INT(($B22-$Z$18)/$Z$19))&"H") -> 56M / 61H | S22: =SUMPRODUCT(($B$110:$B$245="Com Transição")*$E$110:$E$245*$N$110:$U$245*(($D$110:$D$245+$N$109:$U$109)=$B22)) -> 97670.017 | T22: =S22*I22 -> 1.6769582e+08 | U22: =SUM(T$22:T22) -> 1.6769582e+08 | V22: =T22/$K22 -> 1.6271669e+08 | W22: =SUM(V$22:V22) -> 1.6271669e+08 | Y22: Δ = atraso (meses) da concessão na regra vigente em relação à idade mínima vigente = 12 × (Ī − A₀), arredondado (0 se o seletor estiver em "Idade mínima vigente"). Início da vigência ≥ 2027; a transição soma 1 ano a cada [intervalo] anos até a idade proposta.
B23: 2028 | C23: =D23*E23 -> 181823.45 | D23: 1095587 | E23: =AVERAGE($E$15:$E$19) -> 0.16595984 | F23: =G23*H23 -> 213564.01 | G23: 1361714 | H23: =AVERAGE($H$15:$H$19) -> 0.1568347 | I23: 1811.9113 | J23: 0.03 | K23: =K22*(1+J23) -> 1.061518 | L23: =IF($B23<$Z$18,$AA$14&"M / "&$Z$14&"H",$AA$15&"M / "&$Z$15&"H") -> 62M / 65H | M23: =SUMPRODUCT(($B$110:$B$245="Sem Transição")*$E$110:$E$245*$N$110:$U$245*(($D$110:$D$245+$N$109:$U$109)=$B23)) -> 2541840 | N23: =M23*I23 -> 4.6055886e+09 | O23: =SUM(N$22:N23) -> 4.7732844e+09 | P23: =N23/$K23 -> 4.3386816e+09 | Q23: =SUM(P$22:P23) -> 4.5013982e+09 | R23: =IF($B23<$Z$18,$AA$14&"M / "&$Z$14&"H",MIN($AA$15,$AA$14+1+INT(($B23-$Z$18)/$Z$19))&"M / "&MIN($Z$15,$Z$14+1+INT(($B23-$Z$18)/$Z$19))&"H") -> 56M / 61H | S23: =SUMPRODUCT(($B$110:$B$245="Com Transição")*$E$110:$E$245*$N$110:$U$245*(($D$110:$D$245+$N$109:$U$109)=$B23)) -> 586837.78 | T23: =S23*I23 -> 1.063298e+09 | U23: =SUM(T$22:T23) -> 1.2309938e+09 | V23: =T23/$K23 -> 1.0016768e+09 | W23: =SUM(V$22:V23) -> 1.1643935e+09
B24: 2029 | C24: =D24*E24 -> 183806 | D24: 1107533 | E24: =AVERAGE($E$15:$E$19) -> 0.16595984 | F24: =G24*H24 -> 216512.66 | G24: 1380515 | H24: =AVERAGE($H$15:$H$19) -> 0.1568347 | I24: 1912.8347 | J24: 0.03 | K24: =K23*(1+J24) -> 1.0933635 | L24: =IF($B24<$Z$18,$AA$14&"M / "&$Z$14&"H",$AA$15&"M / "&$Z$15&"H") -> 62M / 65H | M24: =SUMPRODUCT(($B$110:$B$245="Sem Transição")*$E$110:$E$245*$N$110:$U$245*(($D$110:$D$245+$N$109:$U$109)=$B24)) -> 7537456.4 | N24: =M24*I24 -> 1.4417908e+10 | O24: =SUM(N$22:N24) -> 1.9191193e+10 | P24: =N24/$K24 -> 1.3186747e+10 | Q24: =SUM(P$22:P24) -> 1.7688145e+10 | R24: =IF($B24<$Z$18,$AA$14&"M / "&$Z$14&"H",MIN($AA$15,$AA$14+1+INT(($B24-$Z$18)/$Z$19))&"M / "&MIN($Z$15,$Z$14+1+INT(($B24-$Z$18)/$Z$19))&"H") -> 57M / 62H | S24: =SUMPRODUCT(($B$110:$B$245="Com Transição")*$E$110:$E$245*$N$110:$U$245*(($D$110:$D$245+$N$109:$U$109)=$B24)) -> 3175571.7 | T24: =S24*I24 -> 6.0743438e+09 | U24: =SUM(T$22:T24) -> 7.3053376e+09 | V24: =T24/$K24 -> 5.5556488e+09 | W24: =SUM(V$22:V24) -> 6.7200423e+09
B25: 2030 | C25: =D25*E25 -> 186296.9 | D25: 1122542 | E25: =AVERAGE($E$15:$E$19) -> 0.16595984 | F25: =G25*H25 -> 221038.75 | G25: 1409374 | H25: =AVERAGE($H$15:$H$19) -> 0.1568347 | I25: 2019.7622 | J25: 0.03 | K25: =K24*(1+J25) -> 1.1261644 | L25: =IF($B25<$Z$18,$AA$14&"M / "&$Z$14&"H",$AA$15&"M / "&$Z$15&"H") -> 62M / 65H | M25: =SUMPRODUCT(($B$110:$B$245="Sem Transição")*$E$110:$E$245*$N$110:$U$245*(($D$110:$D$245+$N$109:$U$109)=$B25)) -> 12706290 | N25: =M25*I25 -> 2.5663685e+10 | O25: =SUM(N$22:N25) -> 4.4854878e+10 | P25: =N25/$K25 -> 2.2788577e+10 | Q25: =SUM(P$22:P25) -> 4.0476722e+10 | R25: =IF($B25<$Z$18,$AA$14&"M / "&$Z$14&"H",MIN($AA$15,$AA$14+1+INT(($B25-$Z$18)/$Z$19))&"M / "&MIN($Z$15,$Z$14+1+INT(($B25-$Z$18)/$Z$19))&"H") -> 57M / 62H | S25: =SUMPRODUCT(($B$110:$B$245="Com Transição")*$E$110:$E$245*$N$110:$U$245*(($D$110:$D$245+$N$109:$U$109)=$B25)) -> 4836855.3 | T25: =S25*I25 -> 9.7692974e+09 | U25: =SUM(T$22:T25) -> 1.7074635e+10 | V25: =T25/$K25 -> 8.6748409e+09 | W25: =SUM(V$22:V25) -> 1.5394883e+10
B26: 2031 | C26: =D26*E26 -> 189167.34 | D26: 1139838 | E26: =AVERAGE($E$15:$E$19) -> 0.16595984 | F26: =G26*H26 -> 227466 | G26: 1450355 | H26: =AVERAGE($H$15:$H$19) -> 0.1568347 | I26: 2132.2629 | J26: 0.03 | K26: =K25*(1+J26) -> 1.1599494 | L26: =IF($B26<$Z$18,$AA$14&"M / "&$Z$14&"H",$AA$15&"M / "&$Z$15&"H") -> 62M / 65H | M26: =SUMPRODUCT(($B$110:$B$245="Sem Transição")*$E$110:$E$245*$N$110:$U$245*(($D$110:$D$245+$N$109:$U$109)=$B26)) -> 17949387 | N26: =M26*I26 -> 3.8272812e+10 | O26: =SUM(N$22:N26) -> 8.312769e+10 | P26: =N26/$K26 -> 3.2995243e+10 | Q26: =SUM(P$22:P26) -> 7.3471965e+10 | R26: =IF($B26<$Z$18,$AA$14&"M / "&$Z$14&"H",MIN($AA$15,$AA$14+1+INT(($B26-$Z$18)/$Z$19))&"M / "&MIN($Z$15,$Z$14+1+INT(($B26-$Z$18)/$Z$19))&"H") -> 58M / 63H | S26: =SUMPRODUCT(($B$110:$B$245="Com Transição")*$E$110:$E$245*$N$110:$U$245*(($D$110:$D$245+$N$109:$U$109)=$B26)) -> 7724101.3 | T26: =S26*I26 -> 1.6469815e+10 | U26: =SUM(T$22:T26) -> 3.354445e+10 | V26: =T26/$K26 -> 1.4198736e+10 | W26: =SUM(V$22:V26) -> 2.9593619e+10
B27: 2032 | C27: =D27*E27 -> 192404.22 | D27: 1159342 | E27: =AVERAGE($E$15:$E$19) -> 0.16595984 | F27: =G27*H27 -> 235068.87 | G27: 1498832 | H27: =AVERAGE($H$15:$H$19) -> 0.1568347 | I27: 2251.03 | J27: 0.03 | K27: =K26*(1+J27) -> 1.1947479 | L27: =IF($B27<$Z$18,$AA$14&"M / "&$Z$14&"H",$AA$15&"M / "&$Z$15&"H") -> 62M / 65H | M27: =SUMPRODUCT(($B$110:$B$245="Sem Transição")*$E$110:$E$245*$N$110:$U$245*(($D$110:$D$245+$N$109:$U$109)=$B27)) -> 22023217 | N27: =M27*I27 -> 4.9574922e+10 | O27: =SUM(N$22:N27) -> 1.3270261e+11 | P27: =N27/$K27 -> 4.1494045e+10 | Q27: =SUM(P$22:P27) -> 1.1496601e+11 | R27: =IF($B27<$Z$18,$AA$14&"M / "&$Z$14&"H",MIN($AA$15,$AA$14+1+INT(($B27-$Z$18)/$Z$19))&"M / "&MIN($Z$15,$Z$14+1+INT(($B27-$Z$18)/$Z$19))&"H") -> 58M / 63H | S27: =SUMPRODUCT(($B$110:$B$245="Com Transição")*$E$110:$E$245*$N$110:$U$245*(($D$110:$D$245+$N$109:$U$109)=$B27)) -> 10248731 | T27: =S27*I27 -> 2.3070201e+10 | U27: =SUM(T$22:T27) -> 5.6614651e+10 | V27: =T27/$K27 -> 1.9309682e+10 | W27: =SUM(V$22:V27) -> 4.8903301e+10
B28: 2033 | C28: =D28*E28 -> 195333.74 | D28: 1176994 | E28: =AVERAGE($E$15:$E$19) -> 0.16595984 | F28: =G28*H28 -> 243047.05 | G28: 1549702 | H28: =AVERAGE($H$15:$H$19) -> 0.1568347 | I28: 2361.7807 | J28: 0.03 | K28: =K27*(1+J28) -> 1.2305903 | L28: =IF($B28<$Z$18,$AA$14&"M / "&$Z$14&"H",$AA$15&"M / "&$Z$15&"H") -> 62M / 65H | M28: =SUMPRODUCT(($B$110:$B$245="Sem Transição")*$E$110:$E$245*$N$110:$U$245*(($D$110:$D$245+$N$109:$U$109)=$B28)) -> 25139114 | N28: =M28*I28 -> 5.9373074e+10 | O28: =SUM(N$22:N28) -> 1.9207569e+11 | P28: =N28/$K28 -> 4.8247637e+10 | Q28: =SUM(P$22:P28) -> 1.6321365e+11 | R28: =IF($B28<$Z$18,$AA$14&"M / "&$Z$14&"H",MIN($AA$15,$AA$14+1+INT(($B28-$Z$18)/$Z$19))&"M / "&MIN($Z$15,$Z$14+1+INT(($B28-$Z$18)/$Z$19))&"H") -> 59M / 64H | S28: =SUMPRODUCT(($B$110:$B$245="Com Transição")*$E$110:$E$245*$N$110:$U$245*(($D$110:$D$245+$N$109:$U$109)=$B28)) -> 13334107 | T28: =S28*I28 -> 3.1492235e+10 | U28: =SUM(T$22:T28) -> 8.8106886e+10 | V28: =T28/$K28 -> 2.5591162e+10 | W28: =SUM(V$22:V28) -> 7.4494463e+10
B29: 2034 | C29: =D29*E29 -> 198579.92 | D29: 1196554 | E29: =AVERAGE($E$15:$E$19) -> 0.16595984 | F29: =G29*H29 -> 250194.8 | G29: 1595277 | H29: =AVERAGE($H$15:$H$19) -> 0.1568347 | I29: 2476.7994 | J29: 0.03 | K29: =K28*(1+J29) -> 1.267508 | L29: =IF($B29<$Z$18,$AA$14&"M / "&$Z$14&"H",$AA$15&"M / "&$Z$15&"H") -> 62M / 65H | M29: =SUMPRODUCT(($B$110:$B$245="Sem Transição")*$E$110:$E$245*$N$110:$U$245*(($D$110:$D$245+$N$109:$U$109)=$B29)) -> 26885932 | N29: =M29*I29 -> 6.6591059e+10 | O29: =SUM(N$22:N29) -> 2.5866674e+11 | P29: =N29/$K29 -> 5.2536993e+10 | Q29: =SUM(P$22:P29) -> 2.1575064e+11 | R29: =IF($B29<$Z$18,$AA$14&"M / "&$Z$14&"H",MIN($AA$15,$AA$14+1+INT(($B29-$Z$18)/$Z$19))&"M / "&MIN($Z$15,$Z$14+1+INT(($B29-$Z$18)/$Z$19))&"H") -> 59M / 64H | S29: =SUMPRODUCT(($B$110:$B$245="Com Transição")*$E$110:$E$245*$N$110:$U$245*(($D$110:$D$245+$N$109:$U$109)=$B29)) -> 16075067 | T29: =S29*I29 -> 3.9814716e+10 | U29: =SUM(T$22:T29) -> 1.279216e+11 | V29: =T29/$K29 -> 3.1411806e+10 | W29: =SUM(V$22:V29) -> 1.0590627e+11
B30: 2035 | C30: =D30*E30 -> 203288.86 | D30: 1224928 | E30: =AVERAGE($E$15:$E$19) -> 0.16595984 | F30: =G30*H30 -> 255651.39 | G30: 1630069 | H30: =AVERAGE($H$15:$H$19) -> 0.1568347 | I30: 2596.4288 | J30: 0.03 | K30: =K29*(1+J30) -> 1.3055332 | L30: =IF($B30<$Z$18,$AA$14&"M / "&$Z$14&"H",$AA$15&"M / "&$Z$15&"H") -> 62M / 65H | M30: =SUMPRODUCT(($B$110:$B$245="Sem Transição")*$E$110:$E$245*$N$110:$U$245*(($D$110:$D$245+$N$109:$U$109)=$B30)) -> 27470758 | N30: =M30*I30 -> 7.1325868e+10 | O30: =SUM(N$22:N30) -> 3.2999261e+11 | P30: =N30/$K30 -> 5.4633513e+10 | Q30: =SUM(P$22:P30) -> 2.7038415e+11 | R30: =IF($B30<$Z$18,$AA$14&"M / "&$Z$14&"H",MIN($AA$15,$AA$14+1+INT(($B30-$Z$18)/$Z$19))&"M / "&MIN($Z$15,$Z$14+1+INT(($B30-$Z$18)/$Z$19))&"H") -> 60M / 65H | S30: =SUMPRODUCT(($B$110:$B$245="Com Transição")*$E$110:$E$245*$N$110:$U$245*(($D$110:$D$245+$N$109:$U$109)=$B30)) -> 19400085 | T30: =S30*I30 -> 5.037094e+10 | U30: =SUM(T$22:T30) -> 1.7829254e+11 | V30: =T30/$K30 -> 3.8582656e+10 | W30: =SUM(V$22:V30) -> 1.4448893e+11
B31: 2036 | C31: =D31*E31 -> 209615.41 | D31: 1263049 | E31: =AVERAGE($E$15:$E$19) -> 0.16595984 | F31: =G31*H31 -> 258603.02 | G31: 1648889 | H31: =AVERAGE($H$15:$H$19) -> 0.1568347 | I31: 2720.2784 | J31: 0.03 | K31: =K30*(1+J31) -> 1.3446992 | L31: =IF($B31<$Z$18,$AA$14&"M / "&$Z$14&"H",$AA$15&"M / "&$Z$15&"H") -> 62M / 65H | M31: =SUMPRODUCT(($B$110:$B$245="Sem Transição")*$E$110:$E$245*$N$110:$U$245*(($D$110:$D$245+$N$109:$U$109)=$B31)) -> 28128863 | N31: =M31*I31 -> 7.651834e+10 | O31: =SUM(N$22:N31) -> 4.0651095e+11 | P31: =N31/$K31 -> 5.6903683e+10 | Q31: =SUM(P$22:P31) -> 3.2728784e+11 | R31: =IF($B31<$Z$18,$AA$14&"M / "&$Z$14&"H",MIN($AA$15,$AA$14+1+INT(($B31-$Z$18)/$Z$19))&"M / "&MIN($Z$15,$Z$14+1+INT(($B31-$Z$18)/$Z$19))&"H") -> 60M / 65H | S31: =SUMPRODUCT(($B$110:$B$245="Com Transição")*$E$110:$E$245*$N$110:$U$245*(($D$110:$D$245+$N$109:$U$109)=$B31)) -> 22363565 | T31: =S31*I31 -> 6.0835123e+10 | U31: =SUM(T$22:T31) -> 2.3912767e+11 | V31: =T31/$K31 -> 4.5240691e+10 | W31: =SUM(V$22:V31) -> 1.8972962e+11
B32: 2037 | C32: =D32*E32 -> 216931.75 | D32: 1307134 | E32: =AVERAGE($E$15:$E$19) -> 0.16595984 | F32: =G32*H32 -> 259555.47 | G32: 1654962 | H32: =AVERAGE($H$15:$H$19) -> 0.1568347 | I32: 2848.6756 | J32: 0.03 | K32: =K31*(1+J32) -> 1.3850402 | L32: =IF($B32<$Z$18,$AA$14&"M / "&$Z$14&"H",$AA$15&"M / "&$Z$15&"H") -> 62M / 65H | M32: =SUMPRODUCT(($B$110:$B$245="Sem Transição")*$E$110:$E$245*$N$110:$U$245*(($D$110:$D$245+$N$109:$U$109)=$B32)) -> 28838866 | N32: =M32*I32 -> 8.2152574e+10 | O32: =SUM(N$22:N32) -> 4.8866353e+11 | P32: =N32/$K32 -> 5.9314215e+10 | Q32: =SUM(P$22:P32) -> 3.8660205e+11 | R32: =IF($B32<$Z$18,$AA$14&"M / "&$Z$14&"H",MIN($AA$15,$AA$14+1+INT(($B32-$Z$18)/$Z$19))&"M / "&MIN($Z$15,$Z$14+1+INT(($B32-$Z$18)/$Z$19))&"H") -> 61M / 65H | S32: =SUMPRODUCT(($B$110:$B$245="Com Transição")*$E$110:$E$245*$N$110:$U$245*(($D$110:$D$245+$N$109:$U$109)=$B32)) -> 24564786 | T32: =S32*I32 -> 6.9977105e+10 | U32: =SUM(T$22:T32) -> 3.0910477e+11 | V32: =T32/$K32 -> 5.0523518e+10 | W32: =SUM(V$22:V32) -> 2.4025313e+11
B33: 2038 | C33: =D33*E33 -> 224518.11 | D33: 1352846 | E33: =AVERAGE($E$15:$E$19) -> 0.16595984 | F33: =G33*H33 -> 260004.02 | G33: 1657822 | H33: =AVERAGE($H$15:$H$19) -> 0.1568347 | I33: 2980.8541 | J33: 0.03 | K33: =K32*(1+J33) -> 1.4265914 | L33: =IF($B33<$Z$18,$AA$14&"M / "&$Z$14&"H",$AA$15&"M / "&$Z$15&"H") -> 62M / 65H | M33: =SUMPRODUCT(($B$110:$B$245="Sem Transição")*$E$110:$E$245*$N$110:$U$245*(($D$110:$D$245+$N$109:$U$109)=$B33)) -> 29562000 | N33: =M33*I33 -> 8.812001e+10 | O33: =SUM(N$22:N33) -> 5.7678354e+11 | P33: =N33/$K33 -> 6.176962e+10 | Q33: =SUM(P$22:P33) -> 4.4837167e+11 | R33: =IF($B33<$Z$18,$AA$14&"M / "&$Z$14&"H",MIN($AA$15,$AA$14+1+INT(($B33-$Z$18)/$Z$19))&"M / "&MIN($Z$15,$Z$14+1+INT(($B33-$Z$18)/$Z$19))&"H") -> 61M / 65H | S33: =SUMPRODUCT(($B$110:$B$245="Com Transição")*$E$110:$E$245*$N$110:$U$245*(($D$110:$D$245+$N$109:$U$109)=$B33)) -> 26551405 | T33: =S33*I33 -> 7.9145866e+10 | U33: =SUM(T$22:T33) -> 3.8825064e+11 | V33: =T33/$K33 -> 5.5479e+10 | W33: =SUM(V$22:V33) -> 2.9573213e+11
B34: 2039 | C34: =D34*E34 -> 231423.2 | D34: 1394453 | E34: =AVERAGE($E$15:$E$19) -> 0.16595984 | F34: =G34*H34 -> 260414.3 | G34: 1660438 | H34: =AVERAGE($H$15:$H$19) -> 0.1568347 | I34: 3117.9734 | J34: 0.03 | K34: =K33*(1+J34) -> 1.4693892 | L34: =IF($B34<$Z$18,$AA$14&"M / "&$Z$14&"H",$AA$15&"M / "&$Z$15&"H") -> 62M / 65H | M34: =SUMPRODUCT(($B$110:$B$245="Sem Transição")*$E$110:$E$245*$N$110:$U$245*(($D$110:$D$245+$N$109:$U$109)=$B34)) -> 30262191 | N34: =M34*I34 -> 9.4356708e+10 | O34: =SUM(N$22:N34) -> 6.7114024e+11 | P34: =N34/$K34 -> 6.421492e+10 | Q34: =SUM(P$22:P34) -> 5.1258659e+11 | R34: =IF($B34<$Z$18,$AA$14&"M / "&$Z$14&"H",MIN($AA$15,$AA$14+1+INT(($B34-$Z$18)/$Z$19))&"M / "&MIN($Z$15,$Z$14+1+INT(($B34-$Z$18)/$Z$19))&"H") -> 62M / 65H | S34: =SUMPRODUCT(($B$110:$B$245="Com Transição")*$E$110:$E$245*$N$110:$U$245*(($D$110:$D$245+$N$109:$U$109)=$B34)) -> 28861573 | T34: =S34*I34 -> 8.9989616e+10 | U34: =SUM(T$22:T34) -> 4.7824025e+11 | V34: =T34/$K34 -> 6.1242874e+10 | W34: =SUM(V$22:V34) -> 3.5697501e+11
... B55: 2060 | C55: =D55*E55 -> 243093.33 | D55: 1464772 | E55: =AVERAGE($E$15:$E$19) -> 0.16595984 | F55: =G55*H55 -> 225132.61 | G55: 1435477 | H55: =AVERAGE($H$15:$H$19) -> 0.1568347 | I55: 7299.2611 | J55: 0.03 | K55: =K54*(1+J55) -> 2.7334967 | L55: =IF($B55<$Z$18,$AA$14&"M / "&$Z$14&"H",$AA$15&"M / "&$Z$15&"H") -> 62M / 65H | M55: =SUMPRODUCT(($B$110:$B$245="Sem Transição")*$E$110:$E$245*$N$110:$U$245*(($D$110:$D$245+$N$109:$U$109)=$B55)) -> 30995845 | N55: =M55*I55 -> 2.2624676e+11 | O55: =SUM(N$22:N55) -> 4.0326361e+12 | P55: =N55/$K55 -> 8.276826e+10 | Q55: =SUM(P$22:P55) -> 2.1230628e+12 | R55: =IF($B55<$Z$18,$AA$14&"M / "&$Z$14&"H",MIN($AA$15,$AA$14+1+INT(($B55-$Z$18)/$Z$19))&"M / "&MIN($Z$15,$Z$14+1+INT(($B55-$Z$18)/$Z$19))&"H") -> 62M / 65H | S55: =SUMPRODUCT(($B$110:$B$245="Com Transição")*$E$110:$E$245*$N$110:$U$245*(($D$110:$D$245+$N$109:$U$109)=$B55)) -> 30995845 | T55: =S55*I55 -> 2.2624676e+11 | U55: =SUM(T$22:T55) -> 3.8397361e+12 | V55: =T55/$K55 -> 8.276826e+10 | W55: =SUM(V$22:V55) -> 1.9674513e+12
B56: Fonte: AEPS (Publicações de 2012, 2015, 2018, 2021 e 2024), PLDO 2027 - Anexo IV.10 - Projeções Atuariais RGPS, Projeções da População (Revisão 2024) do IBGE e base Concedidos (SUIBE/INSS) para a idade média efetiva. Valores em R$ nominais e em R$ de 2026 (reais).
B59: Memória de Cálculo das Colunas M e S — Tabelas Auxiliares (agrupadas: use o [+] à esquerda da linha para expandir)
B60: Esta seção calcula, por coorte, quantos pagamentos cada segurado deixa de receber com a regra proposta. As tabelas auxiliares H(X; n) e C(z) alimentam a tabela por coorte, sexo e cenário, que alimenta as colunas M e S da tabela principal.
B63: Tabela Auxiliar — Meses Recebidos no Ano por Grupo de Meses de Entrada, H(X; n) | Q63: Soma Acumulada, C(z)
B64: X \ n | C64: 0 | D64: 1 | E64: 2 | F64: 3 | G64: 4 | H64: 5 | I64: 6 | J64: 7 | K64: 8 | L64: 9 | M64: 10 | N64: 11 | O64: 12 | Q64: z | R64: C(z)
B65: 0 | C65: =INDEX($R$65:$R$101,$B65+13)-INDEX($R$65:$R$101,$B65-C$64+13) -> 0 | D65: =INDEX($R$65:$R$101,$B65+13)-INDEX($R$65:$R$101,$B65-D$64+13) -> 0 | E65: =INDEX($R$65:$R$101,$B65+13)-INDEX($R$65:$R$101,$B65-E$64+13) -> 0 | F65: =INDEX($R$65:$R$101,$B65+13)-INDEX($R$65:$R$101,$B65-F$64+13) -> 0 | G65: =INDEX($R$65:$R$101,$B65+13)-INDEX($R$65:$R$101,$B65-G$64+13) -> 0 | H65: =INDEX($R$65:$R$101,$B65+13)-INDEX($R$65:$R$101,$B65-H$64+13) -> 0 | I65: =INDEX($R$65:$R$101,$B65+13)-INDEX($R$65:$R$101,$B65-I$64+13) -> 0 | J65: =INDEX($R$65:$R$101,$B65+13)-INDEX($R$65:$R$101,$B65-J$64+13) -> 0 | ... O65: =INDEX($R$65:$R$101,$B65+13)-INDEX($R$65:$R$101,$B65-O$64+13) -> 0 | Q65: -12 | R65: =IF(Q65<=0,0,IF(Q65<=12,Q65*(Q65+1)/2,78+12*(Q65-12))) -> 0
B66: 1 | C66: =INDEX($R$65:$R$101,$B66+13)-INDEX($R$65:$R$101,$B66-C$64+13) -> 0 | D66: =INDEX($R$65:$R$101,$B66+13)-INDEX($R$65:$R$101,$B66-D$64+13) -> 1 | E66: =INDEX($R$65:$R$101,$B66+13)-INDEX($R$65:$R$101,$B66-E$64+13) -> 1 | F66: =INDEX($R$65:$R$101,$B66+13)-INDEX($R$65:$R$101,$B66-F$64+13) -> 1 | G66: =INDEX($R$65:$R$101,$B66+13)-INDEX($R$65:$R$101,$B66-G$64+13) -> 1 | H66: =INDEX($R$65:$R$101,$B66+13)-INDEX($R$65:$R$101,$B66-H$64+13) -> 1 | I66: =INDEX($R$65:$R$101,$B66+13)-INDEX($R$65:$R$101,$B66-I$64+13) -> 1 | J66: =INDEX($R$65:$R$101,$B66+13)-INDEX($R$65:$R$101,$B66-J$64+13) -> 1 | ... O66: =INDEX($R$65:$R$101,$B66+13)-INDEX($R$65:$R$101,$B66-O$64+13) -> 1 | Q66: -11 | R66: =IF(Q66<=0,0,IF(Q66<=12,Q66*(Q66+1)/2,78+12*(Q66-12))) -> 0
B67: 2 | C67: =INDEX($R$65:$R$101,$B67+13)-INDEX($R$65:$R$101,$B67-C$64+13) -> 0 | D67: =INDEX($R$65:$R$101,$B67+13)-INDEX($R$65:$R$101,$B67-D$64+13) -> 2 | E67: =INDEX($R$65:$R$101,$B67+13)-INDEX($R$65:$R$101,$B67-E$64+13) -> 3 | F67: =INDEX($R$65:$R$101,$B67+13)-INDEX($R$65:$R$101,$B67-F$64+13) -> 3 | G67: =INDEX($R$65:$R$101,$B67+13)-INDEX($R$65:$R$101,$B67-G$64+13) -> 3 | H67: =INDEX($R$65:$R$101,$B67+13)-INDEX($R$65:$R$101,$B67-H$64+13) -> 3 | I67: =INDEX($R$65:$R$101,$B67+13)-INDEX($R$65:$R$101,$B67-I$64+13) -> 3 | J67: =INDEX($R$65:$R$101,$B67+13)-INDEX($R$65:$R$101,$B67-J$64+13) -> 3 | ... O67: =INDEX($R$65:$R$101,$B67+13)-INDEX($R$65:$R$101,$B67-O$64+13) -> 3 | Q67: -10 | R67: =IF(Q67<=0,0,IF(Q67<=12,Q67*(Q67+1)/2,78+12*(Q67-12))) -> 0
B68: 3 | C68: =INDEX($R$65:$R$101,$B68+13)-INDEX($R$65:$R$101,$B68-C$64+13) -> 0 | D68: =INDEX($R$65:$R$101,$B68+13)-INDEX($R$65:$R$101,$B68-D$64+13) -> 3 | E68: =INDEX($R$65:$R$101,$B68+13)-INDEX($R$65:$R$101,$B68-E$64+13) -> 5 | F68: =INDEX($R$65:$R$101,$B68+13)-INDEX($R$65:$R$101,$B68-F$64+13) -> 6 | G68: =INDEX($R$65:$R$101,$B68+13)-INDEX($R$65:$R$101,$B68-G$64+13) -> 6 | H68: =INDEX($R$65:$R$101,$B68+13)-INDEX($R$65:$R$101,$B68-H$64+13) -> 6 | I68: =INDEX($R$65:$R$101,$B68+13)-INDEX($R$65:$R$101,$B68-I$64+13) -> 6 | J68: =INDEX($R$65:$R$101,$B68+13)-INDEX($R$65:$R$101,$B68-J$64+13) -> 6 | ... O68: =INDEX($R$65:$R$101,$B68+13)-INDEX($R$65:$R$101,$B68-O$64+13) -> 6 | Q68: -9 | R68: =IF(Q68<=0,0,IF(Q68<=12,Q68*(Q68+1)/2,78+12*(Q68-12))) -> 0
B69: 4 | C69: =INDEX($R$65:$R$101,$B69+13)-INDEX($R$65:$R$101,$B69-C$64+13) -> 0 | D69: =INDEX($R$65:$R$101,$B69+13)-INDEX($R$65:$R$101,$B69-D$64+13) -> 4 | E69: =INDEX($R$65:$R$101,$B69+13)-INDEX($R$65:$R$101,$B69-E$64+13) -> 7 | F69: =INDEX($R$65:$R$101,$B69+13)-INDEX($R$65:$R$101,$B69-F$64+13) -> 9 | G69: =INDEX($R$65:$R$101,$B69+13)-INDEX($R$65:$R$101,$B69-G$64+13) -> 10 | H69: =INDEX($R$65:$R$101,$B69+13)-INDEX($R$65:$R$101,$B69-H$64+13) -> 10 | I69: =INDEX($R$65:$R$101,$B69+13)-INDEX($R$65:$R$101,$B69-I$64+13) -> 10 | J69: =INDEX($R$65:$R$101,$B69+13)-INDEX($R$65:$R$101,$B69-J$64+13) -> 10 | ... O69: =INDEX($R$65:$R$101,$B69+13)-INDEX($R$65:$R$101,$B69-O$64+13) -> 10 | Q69: -8 | R69: =IF(Q69<=0,0,IF(Q69<=12,Q69*(Q69+1)/2,78+12*(Q69-12))) -> 0
B70: 5 | C70: =INDEX($R$65:$R$101,$B70+13)-INDEX($R$65:$R$101,$B70-C$64+13) -> 0 | D70: =INDEX($R$65:$R$101,$B70+13)-INDEX($R$65:$R$101,$B70-D$64+13) -> 5 | E70: =INDEX($R$65:$R$101,$B70+13)-INDEX($R$65:$R$101,$B70-E$64+13) -> 9 | F70: =INDEX($R$65:$R$101,$B70+13)-INDEX($R$65:$R$101,$B70-F$64+13) -> 12 | G70: =INDEX($R$65:$R$101,$B70+13)-INDEX($R$65:$R$101,$B70-G$64+13) -> 14 | H70: =INDEX($R$65:$R$101,$B70+13)-INDEX($R$65:$R$101,$B70-H$64+13) -> 15 | I70: =INDEX($R$65:$R$101,$B70+13)-INDEX($R$65:$R$101,$B70-I$64+13) -> 15 | J70: =INDEX($R$65:$R$101,$B70+13)-INDEX($R$65:$R$101,$B70-J$64+13) -> 15 | ... O70: =INDEX($R$65:$R$101,$B70+13)-INDEX($R$65:$R$101,$B70-O$64+13) -> 15 | Q70: -7 | R70: =IF(Q70<=0,0,IF(Q70<=12,Q70*(Q70+1)/2,78+12*(Q70-12))) -> 0
B71: 6 | C71: =INDEX($R$65:$R$101,$B71+13)-INDEX($R$65:$R$101,$B71-C$64+13) -> 0 | D71: =INDEX($R$65:$R$101,$B71+13)-INDEX($R$65:$R$101,$B71-D$64+13) -> 6 | E71: =INDEX($R$65:$R$101,$B71+13)-INDEX($R$65:$R$101,$B71-E$64+13) -> 11 | F71: =INDEX($R$65:$R$101,$B71+13)-INDEX($R$65:$R$101,$B71-F$64+13) -> 15 | G71: =INDEX($R$65:$R$101,$B71+13)-INDEX($R$65:$R$101,$B71-G$64+13) -> 18 | H71: =INDEX($R$65:$R$101,$B71+13)-INDEX($R$65:$R$101,$B71-H$64+13) -> 20 | I71: =INDEX($R$65:$R$101,$B71+13)-INDEX($R$65:$R$101,$B71-I$64+13) -> 21 | J71: =INDEX($R$65:$R$101,$B71+13)-INDEX($R$65:$R$101,$B71-J$64+13) -> 21 | ... O71: =INDEX($R$65:$R$101,$B71+13)-INDEX($R$65:$R$101,$B71-O$64+13) -> 21 | Q71: -6 | R71: =IF(Q71<=0,0,IF(Q71<=12,Q71*(Q71+1)/2,78+12*(Q71-12))) -> 0
B72: 7 | C72: =INDEX($R$65:$R$101,$B72+13)-INDEX($R$65:$R$101,$B72-C$64+13) -> 0 | D72: =INDEX($R$65:$R$101,$B72+13)-INDEX($R$65:$R$101,$B72-D$64+13) -> 7 | E72: =INDEX($R$65:$R$101,$B72+13)-INDEX($R$65:$R$101,$B72-E$64+13) -> 13 | F72: =INDEX($R$65:$R$101,$B72+13)-INDEX($R$65:$R$101,$B72-F$64+13) -> 18 | G72: =INDEX($R$65:$R$101,$B72+13)-INDEX($R$65:$R$101,$B72-G$64+13) -> 22 | H72: =INDEX($R$65:$R$101,$B72+13)-INDEX($R$65:$R$101,$B72-H$64+13) -> 25 | I72: =INDEX($R$65:$R$101,$B72+13)-INDEX($R$65:$R$101,$B72-I$64+13) -> 27 | J72: =INDEX($R$65:$R$101,$B72+13)-INDEX($R$65:$R$101,$B72-J$64+13) -> 28 | ... O72: =INDEX($R$65:$R$101,$B72+13)-INDEX($R$65:$R$101,$B72-O$64+13) -> 28 | Q72: -5 | R72: =IF(Q72<=0,0,IF(Q72<=12,Q72*(Q72+1)/2,78+12*(Q72-12))) -> 0
B73: 8 | C73: =INDEX($R$65:$R$101,$B73+13)-INDEX($R$65:$R$101,$B73-C$64+13) -> 0 | D73: =INDEX($R$65:$R$101,$B73+13)-INDEX($R$65:$R$101,$B73-D$64+13) -> 8 | E73: =INDEX($R$65:$R$101,$B73+13)-INDEX($R$65:$R$101,$B73-E$64+13) -> 15 | F73: =INDEX($R$65:$R$101,$B73+13)-INDEX($R$65:$R$101,$B73-F$64+13) -> 21 | G73: =INDEX($R$65:$R$101,$B73+13)-INDEX($R$65:$R$101,$B73-G$64+13) -> 26 | H73: =INDEX($R$65:$R$101,$B73+13)-INDEX($R$65:$R$101,$B73-H$64+13) -> 30 | I73: =INDEX($R$65:$R$101,$B73+13)-INDEX($R$65:$R$101,$B73-I$64+13) -> 33 | J73: =INDEX($R$65:$R$101,$B73+13)-INDEX($R$65:$R$101,$B73-J$64+13) -> 35 | ... O73: =INDEX($R$65:$R$101,$B73+13)-INDEX($R$65:$R$101,$B73-O$64+13) -> 36 | Q73: -4 | R73: =IF(Q73<=0,0,IF(Q73<=12,Q73*(Q73+1)/2,78+12*(Q73-12))) -> 0
B74: 9 | C74: =INDEX($R$65:$R$101,$B74+13)-INDEX($R$65:$R$101,$B74-C$64+13) -> 0 | D74: =INDEX($R$65:$R$101,$B74+13)-INDEX($R$65:$R$101,$B74-D$64+13) -> 9 | E74: =INDEX($R$65:$R$101,$B74+13)-INDEX($R$65:$R$101,$B74-E$64+13) -> 17 | F74: =INDEX($R$65:$R$101,$B74+13)-INDEX($R$65:$R$101,$B74-F$64+13) -> 24 | G74: =INDEX($R$65:$R$101,$B74+13)-INDEX($R$65:$R$101,$B74-G$64+13) -> 30 | H74: =INDEX($R$65:$R$101,$B74+13)-INDEX($R$65:$R$101,$B74-H$64+13) -> 35 | I74: =INDEX($R$65:$R$101,$B74+13)-INDEX($R$65:$R$101,$B74-I$64+13) -> 39 | J74: =INDEX($R$65:$R$101,$B74+13)-INDEX($R$65:$R$101,$B74-J$64+13) -> 42 | ... O74: =INDEX($R$65:$R$101,$B74+13)-INDEX($R$65:$R$101,$B74-O$64+13) -> 45 | Q74: -3 | R74: =IF(Q74<=0,0,IF(Q74<=12,Q74*(Q74+1)/2,78+12*(Q74-12))) -> 0
B75: 10 | C75: =INDEX($R$65:$R$101,$B75+13)-INDEX($R$65:$R$101,$B75-C$64+13) -> 0 | D75: =INDEX($R$65:$R$101,$B75+13)-INDEX($R$65:$R$101,$B75-D$64+13) -> 10 | E75: =INDEX($R$65:$R$101,$B75+13)-INDEX($R$65:$R$101,$B75-E$64+13) -> 19 | F75: =INDEX($R$65:$R$101,$B75+13)-INDEX($R$65:$R$101,$B75-F$64+13) -> 27 | G75: =INDEX($R$65:$R$101,$B75+13)-INDEX($R$65:$R$101,$B75-G$64+13) -> 34 | H75: =INDEX($R$65:$R$101,$B75+13)-INDEX($R$65:$R$101,$B75-H$64+13) -> 40 | I75: =INDEX($R$65:$R$101,$B75+13)-INDEX($R$65:$R$101,$B75-I$64+13) -> 45 | J75: =INDEX($R$65:$R$101,$B75+13)-INDEX($R$65:$R$101,$B75-J$64+13) -> 49 | ... O75: =INDEX($R$65:$R$101,$B75+13)-INDEX($R$65:$R$101,$B75-O$64+13) -> 55 | Q75: -2 | R75: =IF(Q75<=0,0,IF(Q75<=12,Q75*(Q75+1)/2,78+12*(Q75-12))) -> 0
B76: 11 | C76: =INDEX($R$65:$R$101,$B76+13)-INDEX($R$65:$R$101,$B76-C$64+13) -> 0 | D76: =INDEX($R$65:$R$101,$B76+13)-INDEX($R$65:$R$101,$B76-D$64+13) -> 11 | E76: =INDEX($R$65:$R$101,$B76+13)-INDEX($R$65:$R$101,$B76-E$64+13) -> 21 | F76: =INDEX($R$65:$R$101,$B76+13)-INDEX($R$65:$R$101,$B76-F$64+13) -> 30 | G76: =INDEX($R$65:$R$101,$B76+13)-INDEX($R$65:$R$101,$B76-G$64+13) -> 38 | H76: =INDEX($R$65:$R$101,$B76+13)-INDEX($R$65:$R$101,$B76-H$64+13) -> 45 | I76: =INDEX($R$65:$R$101,$B76+13)-INDEX($R$65:$R$101,$B76-I$64+13) -> 51 | J76: =INDEX($R$65:$R$101,$B76+13)-INDEX($R$65:$R$101,$B76-J$64+13) -> 56 | ... O76: =INDEX($R$65:$R$101,$B76+13)-INDEX($R$65:$R$101,$B76-O$64+13) -> 66 | Q76: -1 | R76: =IF(Q76<=0,0,IF(Q76<=12,Q76*(Q76+1)/2,78+12*(Q76-12))) -> 0
... B89: 24 | C89: =INDEX($R$65:$R$101,$B89+13)-INDEX($R$65:$R$101,$B89-C$64+13) -> 0 | D89: =INDEX($R$65:$R$101,$B89+13)-INDEX($R$65:$R$101,$B89-D$64+13) -> 12 | E89: =INDEX($R$65:$R$101,$B89+13)-INDEX($R$65:$R$101,$B89-E$64+13) -> 24 | F89: =INDEX($R$65:$R$101,$B89+13)-INDEX($R$65:$R$101,$B89-F$64+13) -> 36 | G89: =INDEX($R$65:$R$101,$B89+13)-INDEX($R$65:$R$101,$B89-G$64+13) -> 48 | H89: =INDEX($R$65:$R$101,$B89+13)-INDEX($R$65:$R$101,$B89-H$64+13) -> 60 | I89: =INDEX($R$65:$R$101,$B89+13)-INDEX($R$65:$R$101,$B89-I$64+13) -> 72 | J89: =INDEX($R$65:$R$101,$B89+13)-INDEX($R$65:$R$101,$B89-J$64+13) -> 84 | ... O89: =INDEX($R$65:$R$101,$B89+13)-INDEX($R$65:$R$101,$B89-O$64+13) -> 144 | Q89: 12 | R89: =IF(Q89<=0,0,IF(Q89<=12,Q89*(Q89+1)/2,78+12*(Q89-12))) -> 78
B90: Observação — O que esta tabela faz: converte um deslocamento da concessão (em meses) em meses de benefício recebidos no ano. É a tabela de consulta das fórmulas da tabela por coorte, sexo e cenário e coorte e substitui, de forma generalizada, os fatores Y4 e Z4 da planilha original. | Q90: 13 | R90: =IF(Q90<=0,0,IF(Q90<=12,Q90*(Q90+1)/2,78+12*(Q90-12))) -> 90
B91: k = anos decorridos desde o ano da coorte (k = 0 é o próprio ano da coorte). Deslocamento = meses entre o mês em que o segurado atinge a idade mínima vigente e o início do benefício: Δ na regra vigente; Deslocamento Grupo A ou B na regra proposta. | Q91: 14 | R91: =IF(Q91<=0,0,IF(Q91<=12,Q91*(Q91+1)/2,78+12*(Q91-12))) -> 102
B92: X (linhas, de 0 a 24) = 12 × (k + 1) − deslocamento: meses decorridos, até o fim do ano k, desde o início do benefício de quem entra em janeiro. X ≤ 0: benefício ainda não iniciado (ninguém recebe); X ≥ 24: todos recebem os 12 meses. Por isso as fórmulas limitam X ao intervalo de 0 a 24. | Q92: 15 | R92: =IF(Q92<=0,0,IF(Q92<=12,Q92*(Q92+1)/2,78+12*(Q92-12))) -> 114
B93: n (colunas, de 0 a 12) = número de meses de entrada considerados. Os segurados da coorte atingem a idade mínima uniformemente ao longo dos 12 meses do ano (premissa 4 da Nota Explicativa): n = 12 cobre a coorte inteira; n < 12 cobre só um grupo de meses de entrada (grupos A e B da tabela por coorte). | Q93: 16 | R93: =IF(Q93<=0,0,IF(Q93<=12,Q93*(Q93+1)/2,78+12*(Q93-12))) -> 126
B94: H(X; n) = soma, para os meses de entrada m = 0 a n−1 (janeiro = 0), dos meses recebidos no ano: mín(máx(X − m; 0); 12). Equivale a C(X) − C(X−n), com C(z) na tabela ao lado. | Q94: 17 | R94: =IF(Q94<=0,0,IF(Q94<=12,Q94*(Q94+1)/2,78+12*(Q94-12))) -> 138
B95: Uso: pagamentos por segurado = H × Z20/144 (pagamentos por ano ÷ 12 meses ÷ 12 meses de entrada); meses médios por segurado = H ÷ 12. Exemplo: Δ = 9 meses e k = 0 → X = 12 − 9 = 3; H(3; 12) = 3 + 2 + 1 = 6 meses, ou 0,5 mês por segurado (0,5417 pagamento com 13 por ano). | Q95: 18 | R95: =IF(Q95<=0,0,IF(Q95<=12,Q95*(Q95+1)/2,78+12*(Q95-12))) -> 150
Q96: 19 | R96: =IF(Q96<=0,0,IF(Q96<=12,Q96*(Q96+1)/2,78+12*(Q96-12))) -> 162
Q97: 20 | R97: =IF(Q97<=0,0,IF(Q97<=12,Q97*(Q97+1)/2,78+12*(Q97-12))) -> 174
Q98: 21 | R98: =IF(Q98<=0,0,IF(Q98<=12,Q98*(Q98+1)/2,78+12*(Q98-12))) -> 186
Q99: 22 | R99: =IF(Q99<=0,0,IF(Q99<=12,Q99*(Q99+1)/2,78+12*(Q99-12))) -> 198
Q100: 23 | R100: =IF(Q100<=0,0,IF(Q100<=12,Q100*(Q100+1)/2,78+12*(Q100-12))) -> 210
Q101: 24 | R101: =IF(Q101<=0,0,IF(Q101<=12,Q101*(Q101+1)/2,78+12*(Q101-12))) -> 222
Q102: Observação — O que esta tabela faz: auxiliar da tabela H(X; n). C(z) é a soma acumulada dos meses recebidos no ano quando o mês de entrada avança um mês por vez; com ela, H(X; n) = C(X) − C(X−n).
Q103: z = número inteiro de meses (de −12 a 24). C(z) = soma de mín(máx(i; 0); 12) para i ≤ z. Para z ≤ 0, C = 0; de 0 a 12, C(z) = z(z+1)/2; acima de 12, C(z) = 78 + 12 × (z − 12).
Q104: Exemplos: C(12) = 1 + 2 + ... + 12 = 78; C(24) = 78 + 12 × 12 = 222.
B107: Tabela Auxiliar — Pagamentos Evitados por Segurado, por Coorte, Cenário e Sexo
B108: Cobertura de k | C108: =IF(MAX(MAX($K$110:$K$245),MAX($I$110:$I$245)+1)<=$U$109,"OK","Ampliar k") -> OK
B109: Cenário | C109: Sexo | D109: Coorte | E109: Tamanho da Coorte | F109: Idade Vigente | G109: Idade Proposta | H109: Atraso Δ (meses) | I109: Anos Inteiros de Δ (a) | J109: Meses Restantes de Δ (b) | K109: Anos de Espera | L109: Deslocamento Grupo A (meses) | M109: Deslocamento Grupo B (meses) | N109: 0 | O109: 1 | P109: 2 | Q109: 3 | R109: 4 | S109: 5 | T109: 6 | U109: 7
B110: Sem Transição | C110: Homens | D110: 2027 | E110: =IF($C110="Homens",INDEX($C$22:$C$55,MATCH($D110,$B$22:$B$55,0)),INDEX($F$22:$F$55,MATCH($D110,$B$22:$B$55,0))) -> 180313.88 | F110: =IF($C110="Homens",$Z$14,$AA$14) -> 60 | G110: =IF($C110="Homens",$Z$15,$AA$15) -> 65 | H110: =IF($C110="Homens",$Z$17,$AA$17) -> 9 | I110: =INT(H110/12) -> 0 | J110: =MOD(H110,12) -> 9 | K110: =IF($D110<$Z$18,0,IF(OR($B110="Sem Transição",$Z$19<=1),$G110-$F110,MIN($G110-$F110,INT(($D110-$Z$18)/($Z$19-1))+1))) -> 5 | L110: =MAX($H110,12*(IF(($D110+MAX($K110,$I110))<$Z$18,$F110,IF($B110="Sem Transição",$G110,MIN($G110,$F110+1+INT((($D110+MAX($K110,$I110))-$Z$18)/$Z$19))))-$F110)) -> 60 | M110: =MAX($H110,12*(IF(($D110+MAX($K110,$I110+1))<$Z$18,$F110,IF($B110="Sem Transição",$G110,MIN($G110,$F110+1+INT((($D110+MAX($K110,$I110+1))-$Z$18)/$Z$19))))-$F110)) -> 60 | N110: =$Z$20/144*(INDEX($C$65:$O$89,MIN(MAX(12*(N$109+1)-$H110,0),24)+1,13)-INDEX($C$65:$O$89,MIN(MAX(12*(N$109+1)-$L110,0),24)+1,13-$J110)-INDEX($C$65:$O$89,MIN(MAX(12*(N$109+1)-$M110-12+$J110,0),24)+1,$J110+1)) -> 0.54166667 | O110: =$Z$20/144*(INDEX($C$65:$O$89,MIN(MAX(12*(O$109+1)-$H110,0),24)+1,13)-INDEX($C$65:$O$89,MIN(MAX(12*(O$109+1)-$L110,0),24)+1,13-$J110)-INDEX($C$65:$O$89,MIN(MAX(12*(O$109+1)-$M110-12+$J110,0),24)+1,$J110+1)) -> 9.75 | P110: =$Z$20/144*(INDEX($C$65:$O$89,MIN(MAX(12*(P$109+1)-$H110,0),24)+1,13)-INDEX($C$65:$O$89,MIN(MAX(12*(P$109+1)-$L110,0),24)+1,13-$J110)-INDEX($C$65:$O$89,MIN(MAX(12*(P$109+1)-$M110-12+$J110,0),24)+1,$J110+1)) -> 13 | Q110: =$Z$20/144*(INDEX($C$65:$O$89,MIN(MAX(12*(Q$109+1)-$H110,0),24)+1,13)-INDEX($C$65:$O$89,MIN(MAX(12*(Q$109+1)-$L110,0),24)+1,13-$J110)-INDEX($C$65:$O$89,MIN(MAX(12*(Q$109+1)-$M110-12+$J110,0),24)+1,$J110+1)) -> 13 | R110: =$Z$20/144*(INDEX($C$65:$O$89,MIN(MAX(12*(R$109+1)-$H110,0),24)+1,13)-INDEX($C$65:$O$89,MIN(MAX(12*(R$109+1)-$L110,0),24)+1,13-$J110)-INDEX($C$65:$O$89,MIN(MAX(12*(R$109+1)-$M110-12+$J110,0),24)+1,$J110+1)) -> 13 | S110: =$Z$20/144*(INDEX($C$65:$O$89,MIN(MAX(12*(S$109+1)-$H110,0),24)+1,13)-INDEX($C$65:$O$89,MIN(MAX(12*(S$109+1)-$L110,0),24)+1,13-$J110)-INDEX($C$65:$O$89,MIN(MAX(12*(S$109+1)-$M110-12+$J110,0),24)+1,$J110+1)) -> 5.9583333 | T110: =$Z$20/144*(INDEX($C$65:$O$89,MIN(MAX(12*(T$109+1)-$H110,0),24)+1,13)-INDEX($C$65:$O$89,MIN(MAX(12*(T$109+1)-$L110,0),24)+1,13-$J110)-INDEX($C$65:$O$89,MIN(MAX(12*(T$109+1)-$M110-12+$J110,0),24)+1,$J110+1)) -> 0 | U110: =$Z$20/144*(INDEX($C$65:$O$89,MIN(MAX(12*(U$109+1)-$H110,0),24)+1,13)-INDEX($C$65:$O$89,MIN(MAX(12*(U$109+1)-$L110,0),24)+1,13-$J110)-INDEX($C$65:$O$89,MIN(MAX(12*(U$109+1)-$M110-12+$J110,0),24)+1,$J110+1)) -> 0
B111: Sem Transição | C111: Homens | D111: 2028 | E111: =IF($C111="Homens",INDEX($C$22:$C$55,MATCH($D111,$B$22:$B$55,0)),INDEX($F$22:$F$55,MATCH($D111,$B$22:$B$55,0))) -> 181823.45 | F111: =IF($C111="Homens",$Z$14,$AA$14) -> 60 | G111: =IF($C111="Homens",$Z$15,$AA$15) -> 65 | H111: =IF($C111="Homens",$Z$17,$AA$17) -> 9 | I111: =INT(H111/12) -> 0 | J111: =MOD(H111,12) -> 9 | K111: =IF($D111<$Z$18,0,IF(OR($B111="Sem Transição",$Z$19<=1),$G111-$F111,MIN($G111-$F111,INT(($D111-$Z$18)/($Z$19-1))+1))) -> 5 | L111: =MAX($H111,12*(IF(($D111+MAX($K111,$I111))<$Z$18,$F111,IF($B111="Sem Transição",$G111,MIN($G111,$F111+1+INT((($D111+MAX($K111,$I111))-$Z$18)/$Z$19))))-$F111)) -> 60 | M111: =MAX($H111,12*(IF(($D111+MAX($K111,$I111+1))<$Z$18,$F111,IF($B111="Sem Transição",$G111,MIN($G111,$F111+1+INT((($D111+MAX($K111,$I111+1))-$Z$18)/$Z$19))))-$F111)) -> 60 | N111: =$Z$20/144*(INDEX($C$65:$O$89,MIN(MAX(12*(N$109+1)-$H111,0),24)+1,13)-INDEX($C$65:$O$89,MIN(MAX(12*(N$109+1)-$L111,0),24)+1,13-$J111)-INDEX($C$65:$O$89,MIN(MAX(12*(N$109+1)-$M111-12+$J111,0),24)+1,$J111+1)) -> 0.54166667 | O111: =$Z$20/144*(INDEX($C$65:$O$89,MIN(MAX(12*(O$109+1)-$H111,0),24)+1,13)-INDEX($C$65:$O$89,MIN(MAX(12*(O$109+1)-$L111,0),24)+1,13-$J111)-INDEX($C$65:$O$89,MIN(MAX(12*(O$109+1)-$M111-12+$J111,0),24)+1,$J111+1)) -> 9.75 | P111: =$Z$20/144*(INDEX($C$65:$O$89,MIN(MAX(12*(P$109+1)-$H111,0),24)+1,13)-INDEX($C$65:$O$89,MIN(MAX(12*(P$109+1)-$L111,0),24)+1,13-$J111)-INDEX($C$65:$O$89,MIN(MAX(12*(P$109+1)-$M111-12+$J111,0),24)+1,$J111+1)) -> 13 | Q111: =$Z$20/144*(INDEX($C$65:$O$89,MIN(MAX(12*(Q$109+1)-$H111,0),24)+1,13)-INDEX($C$65:$O$89,MIN(MAX(12*(Q$109+1)-$L111,0),24)+1,13-$J111)-INDEX($C$65:$O$89,MIN(MAX(12*(Q$109+1)-$M111-12+$J111,0),24)+1,$J111+1)) -> 13 | R111: =$Z$20/144*(INDEX($C$65:$O$89,MIN(MAX(12*(R$109+1)-$H111,0),24)+1,13)-INDEX($C$65:$O$89,MIN(MAX(12*(R$109+1)-$L111,0),24)+1,13-$J111)-INDEX($C$65:$O$89,MIN(MAX(12*(R$109+1)-$M111-12+$J111,0),24)+1,$J111+1)) -> 13 | S111: =$Z$20/144*(INDEX($C$65:$O$89,MIN(MAX(12*(S$109+1)-$H111,0),24)+1,13)-INDEX($C$65:$O$89,MIN(MAX(12*(S$109+1)-$L111,0),24)+1,13-$J111)-INDEX($C$65:$O$89,MIN(MAX(12*(S$109+1)-$M111-12+$J111,0),24)+1,$J111+1)) -> 5.9583333 | T111: =$Z$20/144*(INDEX($C$65:$O$89,MIN(MAX(12*(T$109+1)-$H111,0),24)+1,13)-INDEX($C$65:$O$89,MIN(MAX(12*(T$109+1)-$L111,0),24)+1,13-$J111)-INDEX($C$65:$O$89,MIN(MAX(12*(T$109+1)-$M111-12+$J111,0),24)+1,$J111+1)) -> 0 | U111: =$Z$20/144*(INDEX($C$65:$O$89,MIN(MAX(12*(U$109+1)-$H111,0),24)+1,13)-INDEX($C$65:$O$89,MIN(MAX(12*(U$109+1)-$L111,0),24)+1,13-$J111)-INDEX($C$65:$O$89,MIN(MAX(12*(U$109+1)-$M111-12+$J111,0),24)+1,$J111+1)) -> 0
B112: Sem Transição | C112: Homens | D112: 2029 | E112: =IF($C112="Homens",INDEX($C$22:$C$55,MATCH($D112,$B$22:$B$55,0)),INDEX($F$22:$F$55,MATCH($D112,$B$22:$B$55,0))) -> 183806 | F112: =IF($C112="Homens",$Z$14,$AA$14) -> 60 | G112: =IF($C112="Homens",$Z$15,$AA$15) -> 65 | H112: =IF($C112="Homens",$Z$17,$AA$17) -> 9 | I112: =INT(H112/12) -> 0 | J112: =MOD(H112,12) -> 9 | K112: =IF($D112<$Z$18,0,IF(OR($B112="Sem Transição",$Z$19<=1),$G112-$F112,MIN($G112-$F112,INT(($D112-$Z$18)/($Z$19-1))+1))) -> 5 | L112: =MAX($H112,12*(IF(($D112+MAX($K112,$I112))<$Z$18,$F112,IF($B112="Sem Transição",$G112,MIN($G112,$F112+1+INT((($D112+MAX($K112,$I112))-$Z$18)/$Z$19))))-$F112)) -> 60 | M112: =MAX($H112,12*(IF(($D112+MAX($K112,$I112+1))<$Z$18,$F112,IF($B112="Sem Transição",$G112,MIN($G112,$F112+1+INT((($D112+MAX($K112,$I112+1))-$Z$18)/$Z$19))))-$F112)) -> 60 | N112: =$Z$20/144*(INDEX($C$65:$O$89,MIN(MAX(12*(N$109+1)-$H112,0),24)+1,13)-INDEX($C$65:$O$89,MIN(MAX(12*(N$109+1)-$L112,0),24)+1,13-$J112)-INDEX($C$65:$O$89,MIN(MAX(12*(N$109+1)-$M112-12+$J112,0),24)+1,$J112+1)) -> 0.54166667 | O112: =$Z$20/144*(INDEX($C$65:$O$89,MIN(MAX(12*(O$109+1)-$H112,0),24)+1,13)-INDEX($C$65:$O$89,MIN(MAX(12*(O$109+1)-$L112,0),24)+1,13-$J112)-INDEX($C$65:$O$89,MIN(MAX(12*(O$109+1)-$M112-12+$J112,0),24)+1,$J112+1)) -> 9.75 | P112: =$Z$20/144*(INDEX($C$65:$O$89,MIN(MAX(12*(P$109+1)-$H112,0),24)+1,13)-INDEX($C$65:$O$89,MIN(MAX(12*(P$109+1)-$L112,0),24)+1,13-$J112)-INDEX($C$65:$O$89,MIN(MAX(12*(P$109+1)-$M112-12+$J112,0),24)+1,$J112+1)) -> 13 | Q112: =$Z$20/144*(INDEX($C$65:$O$89,MIN(MAX(12*(Q$109+1)-$H112,0),24)+1,13)-INDEX($C$65:$O$89,MIN(MAX(12*(Q$109+1)-$L112,0),24)+1,13-$J112)-INDEX($C$65:$O$89,MIN(MAX(12*(Q$109+1)-$M112-12+$J112,0),24)+1,$J112+1)) -> 13 | R112: =$Z$20/144*(INDEX($C$65:$O$89,MIN(MAX(12*(R$109+1)-$H112,0),24)+1,13)-INDEX($C$65:$O$89,MIN(MAX(12*(R$109+1)-$L112,0),24)+1,13-$J112)-INDEX($C$65:$O$89,MIN(MAX(12*(R$109+1)-$M112-12+$J112,0),24)+1,$J112+1)) -> 13 | S112: =$Z$20/144*(INDEX($C$65:$O$89,MIN(MAX(12*(S$109+1)-$H112,0),24)+1,13)-INDEX($C$65:$O$89,MIN(MAX(12*(S$109+1)-$L112,0),24)+1,13-$J112)-INDEX($C$65:$O$89,MIN(MAX(12*(S$109+1)-$M112-12+$J112,0),24)+1,$J112+1)) -> 5.9583333 | T112: =$Z$20/144*(INDEX($C$65:$O$89,MIN(MAX(12*(T$109+1)-$H112,0),24)+1,13)-INDEX($C$65:$O$89,MIN(MAX(12*(T$109+1)-$L112,0),24)+1,13-$J112)-INDEX($C$65:$O$89,MIN(MAX(12*(T$109+1)-$M112-12+$J112,0),24)+1,$J112+1)) -> 0 | U112: =$Z$20/144*(INDEX($C$65:$O$89,MIN(MAX(12*(U$109+1)-$H112,0),24)+1,13)-INDEX($C$65:$O$89,MIN(MAX(12*(U$109+1)-$L112,0),24)+1,13-$J112)-INDEX($C$65:$O$89,MIN(MAX(12*(U$109+1)-$M112-12+$J112,0),24)+1,$J112+1)) -> 0
B113: Sem Transição | C113: Homens | D113: 2030 | E113: =IF($C113="Homens",INDEX($C$22:$C$55,MATCH($D113,$B$22:$B$55,0)),INDEX($F$22:$F$55,MATCH($D113,$B$22:$B$55,0))) -> 186296.9 | F113: =IF($C113="Homens",$Z$14,$AA$14) -> 60 | G113: =IF($C113="Homens",$Z$15,$AA$15) -> 65 | H113: =IF($C113="Homens",$Z$17,$AA$17) -> 9 | I113: =INT(H113/12) -> 0 | J113: =MOD(H113,12) -> 9 | K113: =IF($D113<$Z$18,0,IF(OR($B113="Sem Transição",$Z$19<=1),$G113-$F113,MIN($G113-$F113,INT(($D113-$Z$18)/($Z$19-1))+1))) -> 5 | L113: =MAX($H113,12*(IF(($D113+MAX($K113,$I113))<$Z$18,$F113,IF($B113="Sem Transição",$G113,MIN($G113,$F113+1+INT((($D113+MAX($K113,$I113))-$Z$18)/$Z$19))))-$F113)) -> 60 | M113: =MAX($H113,12*(IF(($D113+MAX($K113,$I113+1))<$Z$18,$F113,IF($B113="Sem Transição",$G113,MIN($G113,$F113+1+INT((($D113+MAX($K113,$I113+1))-$Z$18)/$Z$19))))-$F113)) -> 60 | N113: =$Z$20/144*(INDEX($C$65:$O$89,MIN(MAX(12*(N$109+1)-$H113,0),24)+1,13)-INDEX($C$65:$O$89,MIN(MAX(12*(N$109+1)-$L113,0),24)+1,13-$J113)-INDEX($C$65:$O$89,MIN(MAX(12*(N$109+1)-$M113-12+$J113,0),24)+1,$J113+1)) -> 0.54166667 | O113: =$Z$20/144*(INDEX($C$65:$O$89,MIN(MAX(12*(O$109+1)-$H113,0),24)+1,13)-INDEX($C$65:$O$89,MIN(MAX(12*(O$109+1)-$L113,0),24)+1,13-$J113)-INDEX($C$65:$O$89,MIN(MAX(12*(O$109+1)-$M113-12+$J113,0),24)+1,$J113+1)) -> 9.75 | P113: =$Z$20/144*(INDEX($C$65:$O$89,MIN(MAX(12*(P$109+1)-$H113,0),24)+1,13)-INDEX($C$65:$O$89,MIN(MAX(12*(P$109+1)-$L113,0),24)+1,13-$J113)-INDEX($C$65:$O$89,MIN(MAX(12*(P$109+1)-$M113-12+$J113,0),24)+1,$J113+1)) -> 13 | Q113: =$Z$20/144*(INDEX($C$65:$O$89,MIN(MAX(12*(Q$109+1)-$H113,0),24)+1,13)-INDEX($C$65:$O$89,MIN(MAX(12*(Q$109+1)-$L113,0),24)+1,13-$J113)-INDEX($C$65:$O$89,MIN(MAX(12*(Q$109+1)-$M113-12+$J113,0),24)+1,$J113+1)) -> 13 | R113: =$Z$20/144*(INDEX($C$65:$O$89,MIN(MAX(12*(R$109+1)-$H113,0),24)+1,13)-INDEX($C$65:$O$89,MIN(MAX(12*(R$109+1)-$L113,0),24)+1,13-$J113)-INDEX($C$65:$O$89,MIN(MAX(12*(R$109+1)-$M113-12+$J113,0),24)+1,$J113+1)) -> 13 | S113: =$Z$20/144*(INDEX($C$65:$O$89,MIN(MAX(12*(S$109+1)-$H113,0),24)+1,13)-INDEX($C$65:$O$89,MIN(MAX(12*(S$109+1)-$L113,0),24)+1,13-$J113)-INDEX($C$65:$O$89,MIN(MAX(12*(S$109+1)-$M113-12+$J113,0),24)+1,$J113+1)) -> 5.9583333 | T113: =$Z$20/144*(INDEX($C$65:$O$89,MIN(MAX(12*(T$109+1)-$H113,0),24)+1,13)-INDEX($C$65:$O$89,MIN(MAX(12*(T$109+1)-$L113,0),24)+1,13-$J113)-INDEX($C$65:$O$89,MIN(MAX(12*(T$109+1)-$M113-12+$J113,0),24)+1,$J113+1)) -> 0 | U113: =$Z$20/144*(INDEX($C$65:$O$89,MIN(MAX(12*(U$109+1)-$H113,0),24)+1,13)-INDEX($C$65:$O$89,MIN(MAX(12*(U$109+1)-$L113,0),24)+1,13-$J113)-INDEX($C$65:$O$89,MIN(MAX(12*(U$109+1)-$M113-12+$J113,0),24)+1,$J113+1)) -> 0
B114: Sem Transição | C114: Homens | D114: 2031 | E114: =IF($C114="Homens",INDEX($C$22:$C$55,MATCH($D114,$B$22:$B$55,0)),INDEX($F$22:$F$55,MATCH($D114,$B$22:$B$55,0))) -> 189167.34 | F114: =IF($C114="Homens",$Z$14,$AA$14) -> 60 | G114: =IF($C114="Homens",$Z$15,$AA$15) -> 65 | H114: =IF($C114="Homens",$Z$17,$AA$17) -> 9 | I114: =INT(H114/12) -> 0 | J114: =MOD(H114,12) -> 9 | K114: =IF($D114<$Z$18,0,IF(OR($B114="Sem Transição",$Z$19<=1),$G114-$F114,MIN($G114-$F114,INT(($D114-$Z$18)/($Z$19-1))+1))) -> 5 | L114: =MAX($H114,12*(IF(($D114+MAX($K114,$I114))<$Z$18,$F114,IF($B114="Sem Transição",$G114,MIN($G114,$F114+1+INT((($D114+MAX($K114,$I114))-$Z$18)/$Z$19))))-$F114)) -> 60 | M114: =MAX($H114,12*(IF(($D114+MAX($K114,$I114+1))<$Z$18,$F114,IF($B114="Sem Transição",$G114,MIN($G114,$F114+1+INT((($D114+MAX($K114,$I114+1))-$Z$18)/$Z$19))))-$F114)) -> 60 | N114: =$Z$20/144*(INDEX($C$65:$O$89,MIN(MAX(12*(N$109+1)-$H114,0),24)+1,13)-INDEX($C$65:$O$89,MIN(MAX(12*(N$109+1)-$L114,0),24)+1,13-$J114)-INDEX($C$65:$O$89,MIN(MAX(12*(N$109+1)-$M114-12+$J114,0),24)+1,$J114+1)) -> 0.54166667 | O114: =$Z$20/144*(INDEX($C$65:$O$89,MIN(MAX(12*(O$109+1)-$H114,0),24)+1,13)-INDEX($C$65:$O$89,MIN(MAX(12*(O$109+1)-$L114,0),24)+1,13-$J114)-INDEX($C$65:$O$89,MIN(MAX(12*(O$109+1)-$M114-12+$J114,0),24)+1,$J114+1)) -> 9.75 | P114: =$Z$20/144*(INDEX($C$65:$O$89,MIN(MAX(12*(P$109+1)-$H114,0),24)+1,13)-INDEX($C$65:$O$89,MIN(MAX(12*(P$109+1)-$L114,0),24)+1,13-$J114)-INDEX($C$65:$O$89,MIN(MAX(12*(P$109+1)-$M114-12+$J114,0),24)+1,$J114+1)) -> 13 | Q114: =$Z$20/144*(INDEX($C$65:$O$89,MIN(MAX(12*(Q$109+1)-$H114,0),24)+1,13)-INDEX($C$65:$O$89,MIN(MAX(12*(Q$109+1)-$L114,0),24)+1,13-$J114)-INDEX($C$65:$O$89,MIN(MAX(12*(Q$109+1)-$M114-12+$J114,0),24)+1,$J114+1)) -> 13 | R114: =$Z$20/144*(INDEX($C$65:$O$89,MIN(MAX(12*(R$109+1)-$H114,0),24)+1,13)-INDEX($C$65:$O$89,MIN(MAX(12*(R$109+1)-$L114,0),24)+1,13-$J114)-INDEX($C$65:$O$89,MIN(MAX(12*(R$109+1)-$M114-12+$J114,0),24)+1,$J114+1)) -> 13 | S114: =$Z$20/144*(INDEX($C$65:$O$89,MIN(MAX(12*(S$109+1)-$H114,0),24)+1,13)-INDEX($C$65:$O$89,MIN(MAX(12*(S$109+1)-$L114,0),24)+1,13-$J114)-INDEX($C$65:$O$89,MIN(MAX(12*(S$109+1)-$M114-12+$J114,0),24)+1,$J114+1)) -> 5.9583333 | T114: =$Z$20/144*(INDEX($C$65:$O$89,MIN(MAX(12*(T$109+1)-$H114,0),24)+1,13)-INDEX($C$65:$O$89,MIN(MAX(12*(T$109+1)-$L114,0),24)+1,13-$J114)-INDEX($C$65:$O$89,MIN(MAX(12*(T$109+1)-$M114-12+$J114,0),24)+1,$J114+1)) -> 0 | U114: =$Z$20/144*(INDEX($C$65:$O$89,MIN(MAX(12*(U$109+1)-$H114,0),24)+1,13)-INDEX($C$65:$O$89,MIN(MAX(12*(U$109+1)-$L114,0),24)+1,13-$J114)-INDEX($C$65:$O$89,MIN(MAX(12*(U$109+1)-$M114-12+$J114,0),24)+1,$J114+1)) -> 0
B115: Sem Transição | C115: Homens | D115: 2032 | E115: =IF($C115="Homens",INDEX($C$22:$C$55,MATCH($D115,$B$22:$B$55,0)),INDEX($F$22:$F$55,MATCH($D115,$B$22:$B$55,0))) -> 192404.22 | F115: =IF($C115="Homens",$Z$14,$AA$14) -> 60 | G115: =IF($C115="Homens",$Z$15,$AA$15) -> 65 | H115: =IF($C115="Homens",$Z$17,$AA$17) -> 9 | I115: =INT(H115/12) -> 0 | J115: =MOD(H115,12) -> 9 | K115: =IF($D115<$Z$18,0,IF(OR($B115="Sem Transição",$Z$19<=1),$G115-$F115,MIN($G115-$F115,INT(($D115-$Z$18)/($Z$19-1))+1))) -> 5 | L115: =MAX($H115,12*(IF(($D115+MAX($K115,$I115))<$Z$18,$F115,IF($B115="Sem Transição",$G115,MIN($G115,$F115+1+INT((($D115+MAX($K115,$I115))-$Z$18)/$Z$19))))-$F115)) -> 60 | M115: =MAX($H115,12*(IF(($D115+MAX($K115,$I115+1))<$Z$18,$F115,IF($B115="Sem Transição",$G115,MIN($G115,$F115+1+INT((($D115+MAX($K115,$I115+1))-$Z$18)/$Z$19))))-$F115)) -> 60 | N115: =$Z$20/144*(INDEX($C$65:$O$89,MIN(MAX(12*(N$109+1)-$H115,0),24)+1,13)-INDEX($C$65:$O$89,MIN(MAX(12*(N$109+1)-$L115,0),24)+1,13-$J115)-INDEX($C$65:$O$89,MIN(MAX(12*(N$109+1)-$M115-12+$J115,0),24)+1,$J115+1)) -> 0.54166667 | O115: =$Z$20/144*(INDEX($C$65:$O$89,MIN(MAX(12*(O$109+1)-$H115,0),24)+1,13)-INDEX($C$65:$O$89,MIN(MAX(12*(O$109+1)-$L115,0),24)+1,13-$J115)-INDEX($C$65:$O$89,MIN(MAX(12*(O$109+1)-$M115-12+$J115,0),24)+1,$J115+1)) -> 9.75 | P115: =$Z$20/144*(INDEX($C$65:$O$89,MIN(MAX(12*(P$109+1)-$H115,0),24)+1,13)-INDEX($C$65:$O$89,MIN(MAX(12*(P$109+1)-$L115,0),24)+1,13-$J115)-INDEX($C$65:$O$89,MIN(MAX(12*(P$109+1)-$M115-12+$J115,0),24)+1,$J115+1)) -> 13 | Q115: =$Z$20/144*(INDEX($C$65:$O$89,MIN(MAX(12*(Q$109+1)-$H115,0),24)+1,13)-INDEX($C$65:$O$89,MIN(MAX(12*(Q$109+1)-$L115,0),24)+1,13-$J115)-INDEX($C$65:$O$89,MIN(MAX(12*(Q$109+1)-$M115-12+$J115,0),24)+1,$J115+1)) -> 13 | R115: =$Z$20/144*(INDEX($C$65:$O$89,MIN(MAX(12*(R$109+1)-$H115,0),24)+1,13)-INDEX($C$65:$O$89,MIN(MAX(12*(R$109+1)-$L115,0),24)+1,13-$J115)-INDEX($C$65:$O$89,MIN(MAX(12*(R$109+1)-$M115-12+$J115,0),24)+1,$J115+1)) -> 13 | S115: =$Z$20/144*(INDEX($C$65:$O$89,MIN(MAX(12*(S$109+1)-$H115,0),24)+1,13)-INDEX($C$65:$O$89,MIN(MAX(12*(S$109+1)-$L115,0),24)+1,13-$J115)-INDEX($C$65:$O$89,MIN(MAX(12*(S$109+1)-$M115-12+$J115,0),24)+1,$J115+1)) -> 5.9583333 | T115: =$Z$20/144*(INDEX($C$65:$O$89,MIN(MAX(12*(T$109+1)-$H115,0),24)+1,13)-INDEX($C$65:$O$89,MIN(MAX(12*(T$109+1)-$L115,0),24)+1,13-$J115)-INDEX($C$65:$O$89,MIN(MAX(12*(T$109+1)-$M115-12+$J115,0),24)+1,$J115+1)) -> 0 | U115: =$Z$20/144*(INDEX($C$65:$O$89,MIN(MAX(12*(U$109+1)-$H115,0),24)+1,13)-INDEX($C$65:$O$89,MIN(MAX(12*(U$109+1)-$L115,0),24)+1,13-$J115)-INDEX($C$65:$O$89,MIN(MAX(12*(U$109+1)-$M115-12+$J115,0),24)+1,$J115+1)) -> 0
B116: Sem Transição | C116: Homens | D116: 2033 | E116: =IF($C116="Homens",INDEX($C$22:$C$55,MATCH($D116,$B$22:$B$55,0)),INDEX($F$22:$F$55,MATCH($D116,$B$22:$B$55,0))) -> 195333.74 | F116: =IF($C116="Homens",$Z$14,$AA$14) -> 60 | G116: =IF($C116="Homens",$Z$15,$AA$15) -> 65 | H116: =IF($C116="Homens",$Z$17,$AA$17) -> 9 | I116: =INT(H116/12) -> 0 | J116: =MOD(H116,12) -> 9 | K116: =IF($D116<$Z$18,0,IF(OR($B116="Sem Transição",$Z$19<=1),$G116-$F116,MIN($G116-$F116,INT(($D116-$Z$18)/($Z$19-1))+1))) -> 5 | L116: =MAX($H116,12*(IF(($D116+MAX($K116,$I116))<$Z$18,$F116,IF($B116="Sem Transição",$G116,MIN($G116,$F116+1+INT((($D116+MAX($K116,$I116))-$Z$18)/$Z$19))))-$F116)) -> 60 | M116: =MAX($H116,12*(IF(($D116+MAX($K116,$I116+1))<$Z$18,$F116,IF($B116="Sem Transição",$G116,MIN($G116,$F116+1+INT((($D116+MAX($K116,$I116+1))-$Z$18)/$Z$19))))-$F116)) -> 60 | N116: =$Z$20/144*(INDEX($C$65:$O$89,MIN(MAX(12*(N$109+1)-$H116,0),24)+1,13)-INDEX($C$65:$O$89,MIN(MAX(12*(N$109+1)-$L116,0),24)+1,13-$J116)-INDEX($C$65:$O$89,MIN(MAX(12*(N$109+1)-$M116-12+$J116,0),24)+1,$J116+1)) -> 0.54166667 | O116: =$Z$20/144*(INDEX($C$65:$O$89,MIN(MAX(12*(O$109+1)-$H116,0),24)+1,13)-INDEX($C$65:$O$89,MIN(MAX(12*(O$109+1)-$L116,0),24)+1,13-$J116)-INDEX($C$65:$O$89,MIN(MAX(12*(O$109+1)-$M116-12+$J116,0),24)+1,$J116+1)) -> 9.75 | P116: =$Z$20/144*(INDEX($C$65:$O$89,MIN(MAX(12*(P$109+1)-$H116,0),24)+1,13)-INDEX($C$65:$O$89,MIN(MAX(12*(P$109+1)-$L116,0),24)+1,13-$J116)-INDEX($C$65:$O$89,MIN(MAX(12*(P$109+1)-$M116-12+$J116,0),24)+1,$J116+1)) -> 13 | Q116: =$Z$20/144*(INDEX($C$65:$O$89,MIN(MAX(12*(Q$109+1)-$H116,0),24)+1,13)-INDEX($C$65:$O$89,MIN(MAX(12*(Q$109+1)-$L116,0),24)+1,13-$J116)-INDEX($C$65:$O$89,MIN(MAX(12*(Q$109+1)-$M116-12+$J116,0),24)+1,$J116+1)) -> 13 | R116: =$Z$20/144*(INDEX($C$65:$O$89,MIN(MAX(12*(R$109+1)-$H116,0),24)+1,13)-INDEX($C$65:$O$89,MIN(MAX(12*(R$109+1)-$L116,0),24)+1,13-$J116)-INDEX($C$65:$O$89,MIN(MAX(12*(R$109+1)-$M116-12+$J116,0),24)+1,$J116+1)) -> 13 | S116: =$Z$20/144*(INDEX($C$65:$O$89,MIN(MAX(12*(S$109+1)-$H116,0),24)+1,13)-INDEX($C$65:$O$89,MIN(MAX(12*(S$109+1)-$L116,0),24)+1,13-$J116)-INDEX($C$65:$O$89,MIN(MAX(12*(S$109+1)-$M116-12+$J116,0),24)+1,$J116+1)) -> 5.9583333 | T116: =$Z$20/144*(INDEX($C$65:$O$89,MIN(MAX(12*(T$109+1)-$H116,0),24)+1,13)-INDEX($C$65:$O$89,MIN(MAX(12*(T$109+1)-$L116,0),24)+1,13-$J116)-INDEX($C$65:$O$89,MIN(MAX(12*(T$109+1)-$M116-12+$J116,0),24)+1,$J116+1)) -> 0 | U116: =$Z$20/144*(INDEX($C$65:$O$89,MIN(MAX(12*(U$109+1)-$H116,0),24)+1,13)-INDEX($C$65:$O$89,MIN(MAX(12*(U$109+1)-$L116,0),24)+1,13-$J116)-INDEX($C$65:$O$89,MIN(MAX(12*(U$109+1)-$M116-12+$J116,0),24)+1,$J116+1)) -> 0
B117: Sem Transição | C117: Homens | D117: 2034 | E117: =IF($C117="Homens",INDEX($C$22:$C$55,MATCH($D117,$B$22:$B$55,0)),INDEX($F$22:$F$55,MATCH($D117,$B$22:$B$55,0))) -> 198579.92 | F117: =IF($C117="Homens",$Z$14,$AA$14) -> 60 | G117: =IF($C117="Homens",$Z$15,$AA$15) -> 65 | H117: =IF($C117="Homens",$Z$17,$AA$17) -> 9 | I117: =INT(H117/12) -> 0 | J117: =MOD(H117,12) -> 9 | K117: =IF($D117<$Z$18,0,IF(OR($B117="Sem Transição",$Z$19<=1),$G117-$F117,MIN($G117-$F117,INT(($D117-$Z$18)/($Z$19-1))+1))) -> 5 | L117: =MAX($H117,12*(IF(($D117+MAX($K117,$I117))<$Z$18,$F117,IF($B117="Sem Transição",$G117,MIN($G117,$F117+1+INT((($D117+MAX($K117,$I117))-$Z$18)/$Z$19))))-$F117)) -> 60 | M117: =MAX($H117,12*(IF(($D117+MAX($K117,$I117+1))<$Z$18,$F117,IF($B117="Sem Transição",$G117,MIN($G117,$F117+1+INT((($D117+MAX($K117,$I117+1))-$Z$18)/$Z$19))))-$F117)) -> 60 | N117: =$Z$20/144*(INDEX($C$65:$O$89,MIN(MAX(12*(N$109+1)-$H117,0),24)+1,13)-INDEX($C$65:$O$89,MIN(MAX(12*(N$109+1)-$L117,0),24)+1,13-$J117)-INDEX($C$65:$O$89,MIN(MAX(12*(N$109+1)-$M117-12+$J117,0),24)+1,$J117+1)) -> 0.54166667 | O117: =$Z$20/144*(INDEX($C$65:$O$89,MIN(MAX(12*(O$109+1)-$H117,0),24)+1,13)-INDEX($C$65:$O$89,MIN(MAX(12*(O$109+1)-$L117,0),24)+1,13-$J117)-INDEX($C$65:$O$89,MIN(MAX(12*(O$109+1)-$M117-12+$J117,0),24)+1,$J117+1)) -> 9.75 | P117: =$Z$20/144*(INDEX($C$65:$O$89,MIN(MAX(12*(P$109+1)-$H117,0),24)+1,13)-INDEX($C$65:$O$89,MIN(MAX(12*(P$109+1)-$L117,0),24)+1,13-$J117)-INDEX($C$65:$O$89,MIN(MAX(12*(P$109+1)-$M117-12+$J117,0),24)+1,$J117+1)) -> 13 | Q117: =$Z$20/144*(INDEX($C$65:$O$89,MIN(MAX(12*(Q$109+1)-$H117,0),24)+1,13)-INDEX($C$65:$O$89,MIN(MAX(12*(Q$109+1)-$L117,0),24)+1,13-$J117)-INDEX($C$65:$O$89,MIN(MAX(12*(Q$109+1)-$M117-12+$J117,0),24)+1,$J117+1)) -> 13 | R117: =$Z$20/144*(INDEX($C$65:$O$89,MIN(MAX(12*(R$109+1)-$H117,0),24)+1,13)-INDEX($C$65:$O$89,MIN(MAX(12*(R$109+1)-$L117,0),24)+1,13-$J117)-INDEX($C$65:$O$89,MIN(MAX(12*(R$109+1)-$M117-12+$J117,0),24)+1,$J117+1)) -> 13 | S117: =$Z$20/144*(INDEX($C$65:$O$89,MIN(MAX(12*(S$109+1)-$H117,0),24)+1,13)-INDEX($C$65:$O$89,MIN(MAX(12*(S$109+1)-$L117,0),24)+1,13-$J117)-INDEX($C$65:$O$89,MIN(MAX(12*(S$109+1)-$M117-12+$J117,0),24)+1,$J117+1)) -> 5.9583333 | T117: =$Z$20/144*(INDEX($C$65:$O$89,MIN(MAX(12*(T$109+1)-$H117,0),24)+1,13)-INDEX($C$65:$O$89,MIN(MAX(12*(T$109+1)-$L117,0),24)+1,13-$J117)-INDEX($C$65:$O$89,MIN(MAX(12*(T$109+1)-$M117-12+$J117,0),24)+1,$J117+1)) -> 0 | U117: =$Z$20/144*(INDEX($C$65:$O$89,MIN(MAX(12*(U$109+1)-$H117,0),24)+1,13)-INDEX($C$65:$O$89,MIN(MAX(12*(U$109+1)-$L117,0),24)+1,13-$J117)-INDEX($C$65:$O$89,MIN(MAX(12*(U$109+1)-$M117-12+$J117,0),24)+1,$J117+1)) -> 0
B118: Sem Transição | C118: Homens | D118: 2035 | E118: =IF($C118="Homens",INDEX($C$22:$C$55,MATCH($D118,$B$22:$B$55,0)),INDEX($F$22:$F$55,MATCH($D118,$B$22:$B$55,0))) -> 203288.86 | F118: =IF($C118="Homens",$Z$14,$AA$14) -> 60 | G118: =IF($C118="Homens",$Z$15,$AA$15) -> 65 | H118: =IF($C118="Homens",$Z$17,$AA$17) -> 9 | I118: =INT(H118/12) -> 0 | J118: =MOD(H118,12) -> 9 | K118: =IF($D118<$Z$18,0,IF(OR($B118="Sem Transição",$Z$19<=1),$G118-$F118,MIN($G118-$F118,INT(($D118-$Z$18)/($Z$19-1))+1))) -> 5 | L118: =MAX($H118,12*(IF(($D118+MAX($K118,$I118))<$Z$18,$F118,IF($B118="Sem Transição",$G118,MIN($G118,$F118+1+INT((($D118+MAX($K118,$I118))-$Z$18)/$Z$19))))-$F118)) -> 60 | M118: =MAX($H118,12*(IF(($D118+MAX($K118,$I118+1))<$Z$18,$F118,IF($B118="Sem Transição",$G118,MIN($G118,$F118+1+INT((($D118+MAX($K118,$I118+1))-$Z$18)/$Z$19))))-$F118)) -> 60 | N118: =$Z$20/144*(INDEX($C$65:$O$89,MIN(MAX(12*(N$109+1)-$H118,0),24)+1,13)-INDEX($C$65:$O$89,MIN(MAX(12*(N$109+1)-$L118,0),24)+1,13-$J118)-INDEX($C$65:$O$89,MIN(MAX(12*(N$109+1)-$M118-12+$J118,0),24)+1,$J118+1)) -> 0.54166667 | O118: =$Z$20/144*(INDEX($C$65:$O$89,MIN(MAX(12*(O$109+1)-$H118,0),24)+1,13)-INDEX($C$65:$O$89,MIN(MAX(12*(O$109+1)-$L118,0),24)+1,13-$J118)-INDEX($C$65:$O$89,MIN(MAX(12*(O$109+1)-$M118-12+$J118,0),24)+1,$J118+1)) -> 9.75 | P118: =$Z$20/144*(INDEX($C$65:$O$89,MIN(MAX(12*(P$109+1)-$H118,0),24)+1,13)-INDEX($C$65:$O$89,MIN(MAX(12*(P$109+1)-$L118,0),24)+1,13-$J118)-INDEX($C$65:$O$89,MIN(MAX(12*(P$109+1)-$M118-12+$J118,0),24)+1,$J118+1)) -> 13 | Q118: =$Z$20/144*(INDEX($C$65:$O$89,MIN(MAX(12*(Q$109+1)-$H118,0),24)+1,13)-INDEX($C$65:$O$89,MIN(MAX(12*(Q$109+1)-$L118,0),24)+1,13-$J118)-INDEX($C$65:$O$89,MIN(MAX(12*(Q$109+1)-$M118-12+$J118,0),24)+1,$J118+1)) -> 13 | R118: =$Z$20/144*(INDEX($C$65:$O$89,MIN(MAX(12*(R$109+1)-$H118,0),24)+1,13)-INDEX($C$65:$O$89,MIN(MAX(12*(R$109+1)-$L118,0),24)+1,13-$J118)-INDEX($C$65:$O$89,MIN(MAX(12*(R$109+1)-$M118-12+$J118,0),24)+1,$J118+1)) -> 13 | S118: =$Z$20/144*(INDEX($C$65:$O$89,MIN(MAX(12*(S$109+1)-$H118,0),24)+1,13)-INDEX($C$65:$O$89,MIN(MAX(12*(S$109+1)-$L118,0),24)+1,13-$J118)-INDEX($C$65:$O$89,MIN(MAX(12*(S$109+1)-$M118-12+$J118,0),24)+1,$J118+1)) -> 5.9583333 | T118: =$Z$20/144*(INDEX($C$65:$O$89,MIN(MAX(12*(T$109+1)-$H118,0),24)+1,13)-INDEX($C$65:$O$89,MIN(MAX(12*(T$109+1)-$L118,0),24)+1,13-$J118)-INDEX($C$65:$O$89,MIN(MAX(12*(T$109+1)-$M118-12+$J118,0),24)+1,$J118+1)) -> 0 | U118: =$Z$20/144*(INDEX($C$65:$O$89,MIN(MAX(12*(U$109+1)-$H118,0),24)+1,13)-INDEX($C$65:$O$89,MIN(MAX(12*(U$109+1)-$L118,0),24)+1,13-$J118)-INDEX($C$65:$O$89,MIN(MAX(12*(U$109+1)-$M118-12+$J118,0),24)+1,$J118+1)) -> 0
B119: Sem Transição | C119: Homens | D119: 2036 | E119: =IF($C119="Homens",INDEX($C$22:$C$55,MATCH($D119,$B$22:$B$55,0)),INDEX($F$22:$F$55,MATCH($D119,$B$22:$B$55,0))) -> 209615.41 | F119: =IF($C119="Homens",$Z$14,$AA$14) -> 60 | G119: =IF($C119="Homens",$Z$15,$AA$15) -> 65 | H119: =IF($C119="Homens",$Z$17,$AA$17) -> 9 | I119: =INT(H119/12) -> 0 | J119: =MOD(H119,12) -> 9 | K119: =IF($D119<$Z$18,0,IF(OR($B119="Sem Transição",$Z$19<=1),$G119-$F119,MIN($G119-$F119,INT(($D119-$Z$18)/($Z$19-1))+1))) -> 5 | L119: =MAX($H119,12*(IF(($D119+MAX($K119,$I119))<$Z$18,$F119,IF($B119="Sem Transição",$G119,MIN($G119,$F119+1+INT((($D119+MAX($K119,$I119))-$Z$18)/$Z$19))))-$F119)) -> 60 | M119: =MAX($H119,12*(IF(($D119+MAX($K119,$I119+1))<$Z$18,$F119,IF($B119="Sem Transição",$G119,MIN($G119,$F119+1+INT((($D119+MAX($K119,$I119+1))-$Z$18)/$Z$19))))-$F119)) -> 60 | N119: =$Z$20/144*(INDEX($C$65:$O$89,MIN(MAX(12*(N$109+1)-$H119,0),24)+1,13)-INDEX($C$65:$O$89,MIN(MAX(12*(N$109+1)-$L119,0),24)+1,13-$J119)-INDEX($C$65:$O$89,MIN(MAX(12*(N$109+1)-$M119-12+$J119,0),24)+1,$J119+1)) -> 0.54166667 | O119: =$Z$20/144*(INDEX($C$65:$O$89,MIN(MAX(12*(O$109+1)-$H119,0),24)+1,13)-INDEX($C$65:$O$89,MIN(MAX(12*(O$109+1)-$L119,0),24)+1,13-$J119)-INDEX($C$65:$O$89,MIN(MAX(12*(O$109+1)-$M119-12+$J119,0),24)+1,$J119+1)) -> 9.75 | P119: =$Z$20/144*(INDEX($C$65:$O$89,MIN(MAX(12*(P$109+1)-$H119,0),24)+1,13)-INDEX($C$65:$O$89,MIN(MAX(12*(P$109+1)-$L119,0),24)+1,13-$J119)-INDEX($C$65:$O$89,MIN(MAX(12*(P$109+1)-$M119-12+$J119,0),24)+1,$J119+1)) -> 13 | Q119: =$Z$20/144*(INDEX($C$65:$O$89,MIN(MAX(12*(Q$109+1)-$H119,0),24)+1,13)-INDEX($C$65:$O$89,MIN(MAX(12*(Q$109+1)-$L119,0),24)+1,13-$J119)-INDEX($C$65:$O$89,MIN(MAX(12*(Q$109+1)-$M119-12+$J119,0),24)+1,$J119+1)) -> 13 | R119: =$Z$20/144*(INDEX($C$65:$O$89,MIN(MAX(12*(R$109+1)-$H119,0),24)+1,13)-INDEX($C$65:$O$89,MIN(MAX(12*(R$109+1)-$L119,0),24)+1,13-$J119)-INDEX($C$65:$O$89,MIN(MAX(12*(R$109+1)-$M119-12+$J119,0),24)+1,$J119+1)) -> 13 | S119: =$Z$20/144*(INDEX($C$65:$O$89,MIN(MAX(12*(S$109+1)-$H119,0),24)+1,13)-INDEX($C$65:$O$89,MIN(MAX(12*(S$109+1)-$L119,0),24)+1,13-$J119)-INDEX($C$65:$O$89,MIN(MAX(12*(S$109+1)-$M119-12+$J119,0),24)+1,$J119+1)) -> 5.9583333 | T119: =$Z$20/144*(INDEX($C$65:$O$89,MIN(MAX(12*(T$109+1)-$H119,0),24)+1,13)-INDEX($C$65:$O$89,MIN(MAX(12*(T$109+1)-$L119,0),24)+1,13-$J119)-INDEX($C$65:$O$89,MIN(MAX(12*(T$109+1)-$M119-12+$J119,0),24)+1,$J119+1)) -> 0 | U119: =$Z$20/144*(INDEX($C$65:$O$89,MIN(MAX(12*(U$109+1)-$H119,0),24)+1,13)-INDEX($C$65:$O$89,MIN(MAX(12*(U$109+1)-$L119,0),24)+1,13-$J119)-INDEX($C$65:$O$89,MIN(MAX(12*(U$109+1)-$M119-12+$J119,0),24)+1,$J119+1)) -> 0
B120: Sem Transição | C120: Homens | D120: 2037 | E120: =IF($C120="Homens",INDEX($C$22:$C$55,MATCH($D120,$B$22:$B$55,0)),INDEX($F$22:$F$55,MATCH($D120,$B$22:$B$55,0))) -> 216931.75 | F120: =IF($C120="Homens",$Z$14,$AA$14) -> 60 | G120: =IF($C120="Homens",$Z$15,$AA$15) -> 65 | H120: =IF($C120="Homens",$Z$17,$AA$17) -> 9 | I120: =INT(H120/12) -> 0 | J120: =MOD(H120,12) -> 9 | K120: =IF($D120<$Z$18,0,IF(OR($B120="Sem Transição",$Z$19<=1),$G120-$F120,MIN($G120-$F120,INT(($D120-$Z$18)/($Z$19-1))+1))) -> 5 | L120: =MAX($H120,12*(IF(($D120+MAX($K120,$I120))<$Z$18,$F120,IF($B120="Sem Transição",$G120,MIN($G120,$F120+1+INT((($D120+MAX($K120,$I120))-$Z$18)/$Z$19))))-$F120)) -> 60 | M120: =MAX($H120,12*(IF(($D120+MAX($K120,$I120+1))<$Z$18,$F120,IF($B120="Sem Transição",$G120,MIN($G120,$F120+1+INT((($D120+MAX($K120,$I120+1))-$Z$18)/$Z$19))))-$F120)) -> 60 | N120: =$Z$20/144*(INDEX($C$65:$O$89,MIN(MAX(12*(N$109+1)-$H120,0),24)+1,13)-INDEX($C$65:$O$89,MIN(MAX(12*(N$109+1)-$L120,0),24)+1,13-$J120)-INDEX($C$65:$O$89,MIN(MAX(12*(N$109+1)-$M120-12+$J120,0),24)+1,$J120+1)) -> 0.54166667 | O120: =$Z$20/144*(INDEX($C$65:$O$89,MIN(MAX(12*(O$109+1)-$H120,0),24)+1,13)-INDEX($C$65:$O$89,MIN(MAX(12*(O$109+1)-$L120,0),24)+1,13-$J120)-INDEX($C$65:$O$89,MIN(MAX(12*(O$109+1)-$M120-12+$J120,0),24)+1,$J120+1)) -> 9.75 | P120: =$Z$20/144*(INDEX($C$65:$O$89,MIN(MAX(12*(P$109+1)-$H120,0),24)+1,13)-INDEX($C$65:$O$89,MIN(MAX(12*(P$109+1)-$L120,0),24)+1,13-$J120)-INDEX($C$65:$O$89,MIN(MAX(12*(P$109+1)-$M120-12+$J120,0),24)+1,$J120+1)) -> 13 | Q120: =$Z$20/144*(INDEX($C$65:$O$89,MIN(MAX(12*(Q$109+1)-$H120,0),24)+1,13)-INDEX($C$65:$O$89,MIN(MAX(12*(Q$109+1)-$L120,0),24)+1,13-$J120)-INDEX($C$65:$O$89,MIN(MAX(12*(Q$109+1)-$M120-12+$J120,0),24)+1,$J120+1)) -> 13 | R120: =$Z$20/144*(INDEX($C$65:$O$89,MIN(MAX(12*(R$109+1)-$H120,0),24)+1,13)-INDEX($C$65:$O$89,MIN(MAX(12*(R$109+1)-$L120,0),24)+1,13-$J120)-INDEX($C$65:$O$89,MIN(MAX(12*(R$109+1)-$M120-12+$J120,0),24)+1,$J120+1)) -> 13 | S120: =$Z$20/144*(INDEX($C$65:$O$89,MIN(MAX(12*(S$109+1)-$H120,0),24)+1,13)-INDEX($C$65:$O$89,MIN(MAX(12*(S$109+1)-$L120,0),24)+1,13-$J120)-INDEX($C$65:$O$89,MIN(MAX(12*(S$109+1)-$M120-12+$J120,0),24)+1,$J120+1)) -> 5.9583333 | T120: =$Z$20/144*(INDEX($C$65:$O$89,MIN(MAX(12*(T$109+1)-$H120,0),24)+1,13)-INDEX($C$65:$O$89,MIN(MAX(12*(T$109+1)-$L120,0),24)+1,13-$J120)-INDEX($C$65:$O$89,MIN(MAX(12*(T$109+1)-$M120-12+$J120,0),24)+1,$J120+1)) -> 0 | U120: =$Z$20/144*(INDEX($C$65:$O$89,MIN(MAX(12*(U$109+1)-$H120,0),24)+1,13)-INDEX($C$65:$O$89,MIN(MAX(12*(U$109+1)-$L120,0),24)+1,13-$J120)-INDEX($C$65:$O$89,MIN(MAX(12*(U$109+1)-$M120-12+$J120,0),24)+1,$J120+1)) -> 0
B121: Sem Transição | C121: Homens | D121: 2038 | E121: =IF($C121="Homens",INDEX($C$22:$C$55,MATCH($D121,$B$22:$B$55,0)),INDEX($F$22:$F$55,MATCH($D121,$B$22:$B$55,0))) -> 224518.11 | F121: =IF($C121="Homens",$Z$14,$AA$14) -> 60 | G121: =IF($C121="Homens",$Z$15,$AA$15) -> 65 | H121: =IF($C121="Homens",$Z$17,$AA$17) -> 9 | I121: =INT(H121/12) -> 0 | J121: =MOD(H121,12) -> 9 | K121: =IF($D121<$Z$18,0,IF(OR($B121="Sem Transição",$Z$19<=1),$G121-$F121,MIN($G121-$F121,INT(($D121-$Z$18)/($Z$19-1))+1))) -> 5 | L121: =MAX($H121,12*(IF(($D121+MAX($K121,$I121))<$Z$18,$F121,IF($B121="Sem Transição",$G121,MIN($G121,$F121+1+INT((($D121+MAX($K121,$I121))-$Z$18)/$Z$19))))-$F121)) -> 60 | M121: =MAX($H121,12*(IF(($D121+MAX($K121,$I121+1))<$Z$18,$F121,IF($B121="Sem Transição",$G121,MIN($G121,$F121+1+INT((($D121+MAX($K121,$I121+1))-$Z$18)/$Z$19))))-$F121)) -> 60 | N121: =$Z$20/144*(INDEX($C$65:$O$89,MIN(MAX(12*(N$109+1)-$H121,0),24)+1,13)-INDEX($C$65:$O$89,MIN(MAX(12*(N$109+1)-$L121,0),24)+1,13-$J121)-INDEX($C$65:$O$89,MIN(MAX(12*(N$109+1)-$M121-12+$J121,0),24)+1,$J121+1)) -> 0.54166667 | O121: =$Z$20/144*(INDEX($C$65:$O$89,MIN(MAX(12*(O$109+1)-$H121,0),24)+1,13)-INDEX($C$65:$O$89,MIN(MAX(12*(O$109+1)-$L121,0),24)+1,13-$J121)-INDEX($C$65:$O$89,MIN(MAX(12*(O$109+1)-$M121-12+$J121,0),24)+1,$J121+1)) -> 9.75 | P121: =$Z$20/144*(INDEX($C$65:$O$89,MIN(MAX(12*(P$109+1)-$H121,0),24)+1,13)-INDEX($C$65:$O$89,MIN(MAX(12*(P$109+1)-$L121,0),24)+1,13-$J121)-INDEX($C$65:$O$89,MIN(MAX(12*(P$109+1)-$M121-12+$J121,0),24)+1,$J121+1)) -> 13 | Q121: =$Z$20/144*(INDEX($C$65:$O$89,MIN(MAX(12*(Q$109+1)-$H121,0),24)+1,13)-INDEX($C$65:$O$89,MIN(MAX(12*(Q$109+1)-$L121,0),24)+1,13-$J121)-INDEX($C$65:$O$89,MIN(MAX(12*(Q$109+1)-$M121-12+$J121,0),24)+1,$J121+1)) -> 13 | R121: =$Z$20/144*(INDEX($C$65:$O$89,MIN(MAX(12*(R$109+1)-$H121,0),24)+1,13)-INDEX($C$65:$O$89,MIN(MAX(12*(R$109+1)-$L121,0),24)+1,13-$J121)-INDEX($C$65:$O$89,MIN(MAX(12*(R$109+1)-$M121-12+$J121,0),24)+1,$J121+1)) -> 13 | S121: =$Z$20/144*(INDEX($C$65:$O$89,MIN(MAX(12*(S$109+1)-$H121,0),24)+1,13)-INDEX($C$65:$O$89,MIN(MAX(12*(S$109+1)-$L121,0),24)+1,13-$J121)-INDEX($C$65:$O$89,MIN(MAX(12*(S$109+1)-$M121-12+$J121,0),24)+1,$J121+1)) -> 5.9583333 | T121: =$Z$20/144*(INDEX($C$65:$O$89,MIN(MAX(12*(T$109+1)-$H121,0),24)+1,13)-INDEX($C$65:$O$89,MIN(MAX(12*(T$109+1)-$L121,0),24)+1,13-$J121)-INDEX($C$65:$O$89,MIN(MAX(12*(T$109+1)-$M121-12+$J121,0),24)+1,$J121+1)) -> 0 | U121: =$Z$20/144*(INDEX($C$65:$O$89,MIN(MAX(12*(U$109+1)-$H121,0),24)+1,13)-INDEX($C$65:$O$89,MIN(MAX(12*(U$109+1)-$L121,0),24)+1,13-$J121)-INDEX($C$65:$O$89,MIN(MAX(12*(U$109+1)-$M121-12+$J121,0),24)+1,$J121+1)) -> 0
... B245: Com Transição | C245: Mulheres | D245: 2060 | E245: =IF($C245="Homens",INDEX($C$22:$C$55,MATCH($D245,$B$22:$B$55,0)),INDEX($F$22:$F$55,MATCH($D245,$B$22:$B$55,0))) -> 225132.61 | F245: =IF($C245="Homens",$Z$14,$AA$14) -> 55 | G245: =IF($C245="Homens",$Z$15,$AA$15) -> 62 | H245: =IF($C245="Homens",$Z$17,$AA$17) -> 16 | I245: =INT(H245/12) -> 1 | J245: =MOD(H245,12) -> 4 | K245: =IF($D245<$Z$18,0,IF(OR($B245="Sem Transição",$Z$19<=1),$G245-$F245,MIN($G245-$F245,INT(($D245-$Z$18)/($Z$19-1))+1))) -> 7 | L245: =MAX($H245,12*(IF(($D245+MAX($K245,$I245))<$Z$18,$F245,IF($B245="Sem Transição",$G245,MIN($G245,$F245+1+INT((($D245+MAX($K245,$I245))-$Z$18)/$Z$19))))-$F245)) -> 84 | M245: =MAX($H245,12*(IF(($D245+MAX($K245,$I245+1))<$Z$18,$F245,IF($B245="Sem Transição",$G245,MIN($G245,$F245+1+INT((($D245+MAX($K245,$I245+1))-$Z$18)/$Z$19))))-$F245)) -> 84 | N245: =$Z$20/144*(INDEX($C$65:$O$89,MIN(MAX(12*(N$109+1)-$H245,0),24)+1,13)-INDEX($C$65:$O$89,MIN(MAX(12*(N$109+1)-$L245,0),24)+1,13-$J245)-INDEX($C$65:$O$89,MIN(MAX(12*(N$109+1)-$M245-12+$J245,0),24)+1,$J245+1)) -> 0 | O245: =$Z$20/144*(INDEX($C$65:$O$89,MIN(MAX(12*(O$109+1)-$H245,0),24)+1,13)-INDEX($C$65:$O$89,MIN(MAX(12*(O$109+1)-$L245,0),24)+1,13-$J245)-INDEX($C$65:$O$89,MIN(MAX(12*(O$109+1)-$M245-12+$J245,0),24)+1,$J245+1)) -> 3.25 | P245: =$Z$20/144*(INDEX($C$65:$O$89,MIN(MAX(12*(P$109+1)-$H245,0),24)+1,13)-INDEX($C$65:$O$89,MIN(MAX(12*(P$109+1)-$L245,0),24)+1,13-$J245)-INDEX($C$65:$O$89,MIN(MAX(12*(P$109+1)-$M245-12+$J245,0),24)+1,$J245+1)) -> 12.458333 | Q245: =$Z$20/144*(INDEX($C$65:$O$89,MIN(MAX(12*(Q$109+1)-$H245,0),24)+1,13)-INDEX($C$65:$O$89,MIN(MAX(12*(Q$109+1)-$L245,0),24)+1,13-$J245)-INDEX($C$65:$O$89,MIN(MAX(12*(Q$109+1)-$M245-12+$J245,0),24)+1,$J245+1)) -> 13 | R245: =$Z$20/144*(INDEX($C$65:$O$89,MIN(MAX(12*(R$109+1)-$H245,0),24)+1,13)-INDEX($C$65:$O$89,MIN(MAX(12*(R$109+1)-$L245,0),24)+1,13-$J245)-INDEX($C$65:$O$89,MIN(MAX(12*(R$109+1)-$M245-12+$J245,0),24)+1,$J245+1)) -> 13 | S245: =$Z$20/144*(INDEX($C$65:$O$89,MIN(MAX(12*(S$109+1)-$H245,0),24)+1,13)-INDEX($C$65:$O$89,MIN(MAX(12*(S$109+1)-$L245,0),24)+1,13-$J245)-INDEX($C$65:$O$89,MIN(MAX(12*(S$109+1)-$M245-12+$J245,0),24)+1,$J245+1)) -> 13 | T245: =$Z$20/144*(INDEX($C$65:$O$89,MIN(MAX(12*(T$109+1)-$H245,0),24)+1,13)-INDEX($C$65:$O$89,MIN(MAX(12*(T$109+1)-$L245,0),24)+1,13-$J245)-INDEX($C$65:$O$89,MIN(MAX(12*(T$109+1)-$M245-12+$J245,0),24)+1,$J245+1)) -> 13 | U245: =$Z$20/144*(INDEX($C$65:$O$89,MIN(MAX(12*(U$109+1)-$H245,0),24)+1,13)-INDEX($C$65:$O$89,MIN(MAX(12*(U$109+1)-$L245,0),24)+1,13-$J245)-INDEX($C$65:$O$89,MIN(MAX(12*(U$109+1)-$M245-12+$J245,0),24)+1,$J245+1)) -> 5.9583333
B246: Observação — O que esta tabela faz: calcula, para cada coorte, sexo e cenário (sem e com transição), quantos pagamentos por segurado deixam de ser feitos em cada ano com a regra proposta, em relação à regra vigente. Alimenta as colunas M (sem transição) e S (com transição) da tabela principal, ponderada pelo tamanho da coorte (coluna E desta tabela). Cada linha é independente: usa só os parâmetros da própria linha.
B247: Estrutura: quatro conjuntos de 34 linhas, nesta ordem: Sem Transição × Homens, Sem Transição × Mulheres, Com Transição × Homens, Com Transição × Mulheres. As colunas B e C identificam o conjunto de cada linha.
B248: Coorte (D) = ano em que o segurado atinge a idade mínima vigente. Tamanho da Coorte (E) = fluxo de concessões do ano na tabela principal (coluna C para homens, coluna F para mulheres).
B249: Idade Vigente (F) e Idade Proposta (G) = parâmetros Z14/AA14 e Z15/AA15, conforme o sexo. Atraso Δ (H) = atraso da concessão na regra vigente em relação à idade mínima vigente (Z17/AA17), igual a 12 × (Ī − idade mínima vigente) arredondado, ou 0 se o seletor estiver em "Idade mínima vigente". Anos Inteiros de Δ (a, coluna I) e Meses Restantes de Δ (b, coluna J) decompõem Δ = 12 × a + b.
B250: Anos de Espera (K) = anos, contados da idade mínima vigente, até a idade exigida pela regra proposta: constante (idade proposta − idade vigente) sem transição; cresce com o ano da coorte, até o limite, com transição.
B251: Deslocamento Grupo A e B (L e M, em meses) = atraso com que a concessão passa a ocorrer na regra proposta: o maior entre Δ e o tempo de espera pela idade exigida. Como Δ não é múltiplo de 12, a coorte se divide em dois grupos de meses de entrada: A (meses 0 a 11−b) e B (meses 12−b a 11).
B252: Colunas k (N a U) = anos decorridos desde a coorte. Células = pagamentos evitados por segurado no ano (coorte + k): pagamentos da regra vigente menos pagamentos da regra proposta (no máximo 13 por ano, conforme Z20).
B253: Fórmula das células: Z20/144 × [H(12×(k+1) − Δ; 12) − H(12×(k+1) − Desloc. A; 12−b) − H(12×(k+1) − Desloc. B − 12 + b; b)], com H consultada na primeira tabela auxiliar.
B254: Leitura de cada linha: os valores sobem até 13 (benefício já iniciado na regra vigente e ainda não na proposta), caem para um valor parcial no ano de reingresso (13 menos os pagamentos do ano de início na regra proposta) e zeram depois (as duas regras pagam o ano inteiro). Linha toda zerada = coorte não afetada (idade exigida inferior à idade de concessão da regra vigente).
B255: Uso nas colunas M e S: para cada ano da tabela principal, soma-se, sobre as linhas do cenário correspondente, Tamanho da Coorte × pagamentos evitados da coluna k tal que coorte + k = ano.
B256: Cobertura de k (C108): confere se as colunas k (0 a 7) bastam, isto é, se a espera máxima (ou a + 1) não excede 7 anos; "Ampliar k" indica que é preciso estender as colunas.

Sheet Transição Uniforme 10 Anos
B2: ="Análise da Economia Estimada com a Proposta de Aumento da Idade Mínima para Aposentadoria Rural — Transição Gradual de "&$Z$19&" Anos" -> Análise da Economia Estimada com a Proposta de Aumento da Idade Mínima para Aposentadoria Rural — Transição Gradual de 10 Anos
B3: Fluxo de Concessões e Parâmetros Econômicos | L3: Sem Transição | R3: ="Transição Uniforme de "&$Z$19&" anos (H e M)" -> Transição Uniforme de 10 anos (H e M)
B4: Ano | C4: Aposentadorias Rurais por Idade Concedidas para o Sexo Masculino | D4: População de Homens com 60 anos | E4: Constância de Incidência (Homens) | F4: Aposentadorias Rurais por Idade Concedidas para o Sexo Feminino | G4: População de Mulheres com 55 anos | H4: Constância de Incidência (Mulheres) | I4: Salário Mínimo | J4: Inflação (INPC) | K4: Inflação Acumulada | L4: Idade Mínima | M4: Emissões Adiadas | N4: Economia Nominal Projetada | O4: Economia Nominal Projetada Acumulada | P4: Economia Real Projetada | Q4: Economia Real Projetada Acumulada | R4: Idade Mínima | S4: Emissões Adiadas | T4: Economia Nominal Projetada | U4: Economia Nominal Projetada Acumulada | V4: Economia Real Projetada | W4: Economia Real Projetada Acumulada
B5: 2010 | C5: ='Transição 9 H e 13 M Anos'!C5 -> 147356 | D5: ='Transição 9 H e 13 M Anos'!D5 -> 684213 | E5: =C5/D5 -> 0.21536568 | F5: ='Transição 9 H e 13 M Anos'!F5 -> 199978 | G5: ='Transição 9 H e 13 M Anos'!G5 -> 958517 | H5: =F5/G5 -> 0.20863271 | I5: ='Transição 9 H e 13 M Anos'!I5 -> 510 | J5: ='Transição 9 H e 13 M Anos'!J5 -> 0.064652 | K5: - | L5: =IF($B5<$Z$18,$AA$14&"M / "&$Z$14&"H",$AA$15&"M / "&$Z$15&"H") -> 55M / 60H | M5: - | N5: 0 | O5: 0 | P5: 0 | Q5: 0 | R5: =IF($B5<$Z$18,$AA$14&"M / "&$Z$14&"H",ROUND($AA$14+INDEX($F$65:$F$108,$B5-2026)/12,1)&"M / "&ROUND($Z$14+INDEX($E$65:$E$108,$B5-2026)/12,1)&"H") -> 55M / 60H | S5: - | T5: 0 | U5: 0 | V5: 0 | W5: 0 | Y5: Cenário de Referência — Idade de Concessão na Regra Vigente | AC5: Resultado do Cenário Selecionado | AG5: Idade Média Efetiva na DIB (Rural)
B6: 2011 | C6: ='Transição 9 H e 13 M Anos'!C6 -> 141310 | D6: ='Transição 9 H e 13 M Anos'!D6 -> 709218 | E6: =C6/D6 -> 0.19924762 | F6: ='Transição 9 H e 13 M Anos'!F6 -> 201742 | G6: ='Transição 9 H e 13 M Anos'!G6 -> 991806 | H6: =F6/G6 -> 0.20340873 | I6: ='Transição 9 H e 13 M Anos'!I6 -> 540 | J6: ='Transição 9 H e 13 M Anos'!J6 -> 0.060799 | K6: - | L6: =IF($B6<$Z$18,$AA$14&"M / "&$Z$14&"H",$AA$15&"M / "&$Z$15&"H") -> 55M / 60H | M6: - | N6: 0 | O6: 0 | P6: 0 | Q6: 0 | R6: =IF($B6<$Z$18,$AA$14&"M / "&$Z$14&"H",ROUND($AA$14+INDEX($F$65:$F$108,$B6-2026)/12,1)&"M / "&ROUND($Z$14+INDEX($E$65:$E$108,$B6-2026)/12,1)&"H") -> 55M / 60H | S6: - | T6: 0 | U6: 0 | V6: 0 | W6: 0 | Y6: Idade de concessão adotada (selecionar na lista): | Z6: Idade média efetiva | AC6: Economia Real Acumulada | AD6: Até 2030 | AE6: Até 2060 | AG6: Ano | AH6: Homens | AI6: Mulheres
B7: 2012 | C7: ='Transição 9 H e 13 M Anos'!C7 -> 148810 | D7: ='Transição 9 H e 13 M Anos'!D7 -> 734954 | E7: =C7/D7 -> 0.20247526 | F7: ='Transição 9 H e 13 M Anos'!F7 -> 203190 | G7: ='Transição 9 H e 13 M Anos'!G7 -> 1024678 | H7: =F7/G7 -> 0.19829644 | I7: ='Transição 9 H e 13 M Anos'!I7 -> 622 | J7: ='Transição 9 H e 13 M Anos'!J7 -> 0.061978 | K7: - | L7: =IF($B7<$Z$18,$AA$14&"M / "&$Z$14&"H",$AA$15&"M / "&$Z$15&"H") -> 55M / 60H | M7: - | N7: 0 | O7: 0 | P7: 0 | Q7: 0 | R7: =IF($B7<$Z$18,$AA$14&"M / "&$Z$14&"H",ROUND($AA$14+INDEX($F$65:$F$108,$B7-2026)/12,1)&"M / "&ROUND($Z$14+INDEX($E$65:$E$108,$B7-2026)/12,1)&"H") -> 55M / 60H | S7: - | T7: 0 | U7: 0 | V7: 0 | W7: 0 | Y7: Idade média efetiva: concessão aos Ī anos, em média (Δ meses após a idade mínima vigente). | AC7: Sem Transição | AD7: =Q25 -> 4.0476722e+10 | AE7: =Q55 -> 2.1230628e+12 | AG7: 2020 | AH7: ='Transição 9 H e 13 M Anos'!AH7 -> 60.56 | AI7: ='Transição 9 H e 13 M Anos'!AI7 -> 56.08
B8: 2013 | C8: ='Transição 9 H e 13 M Anos'!C8 -> 148885 | D8: ='Transição 9 H e 13 M Anos'!D8 -> 761573 | E8: =C8/D8 -> 0.19549669 | F8: ='Transição 9 H e 13 M Anos'!F8 -> 209735 | G8: ='Transição 9 H e 13 M Anos'!G8 -> 1057683 | H8: =F8/G8 -> 0.19829665 | I8: ='Transição 9 H e 13 M Anos'!I8 -> 678 | J8: ='Transição 9 H e 13 M Anos'!J8 -> 0.055627 | K8: - | L8: =IF($B8<$Z$18,$AA$14&"M / "&$Z$14&"H",$AA$15&"M / "&$Z$15&"H") -> 55M / 60H | M8: - | N8: 0 | O8: 0 | P8: 0 | Q8: 0 | R8: =IF($B8<$Z$18,$AA$14&"M / "&$Z$14&"H",ROUND($AA$14+INDEX($F$65:$F$108,$B8-2026)/12,1)&"M / "&ROUND($Z$14+INDEX($E$65:$E$108,$B8-2026)/12,1)&"H") -> 55M / 60H | S8: - | T8: 0 | U8: 0 | V8: 0 | W8: 0 | Y8: Idade mínima vigente: concessão exatamente aos 60 (H) e 55 (M) anos (premissa original). | AC8: ="Transição Uniforme de "&$Z$19&" anos (H e M)" -> Transição Uniforme de 10 anos (H e M) | AD8: =W25 -> 1.7664394e+10 | AE8: =W55 -> 2.0263571e+12 | AG8: 2021 | AH8: ='Transição 9 H e 13 M Anos'!AH8 -> 60.74 | AI8: ='Transição 9 H e 13 M Anos'!AI8 -> 56.24
B9: 2014 | C9: ='Transição 9 H e 13 M Anos'!C9 -> 148068 | D9: ='Transição 9 H e 13 M Anos'!D9 -> 789185 | E9: =C9/D9 -> 0.18762141 | F9: ='Transição 9 H e 13 M Anos'!F9 -> 189793 | G9: ='Transição 9 H e 13 M Anos'!G9 -> 1090856 | H9: =F9/G9 -> 0.17398538 | I9: ='Transição 9 H e 13 M Anos'!I9 -> 724 | J9: ='Transição 9 H e 13 M Anos'!J9 -> 0.062283 | K9: - | L9: =IF($B9<$Z$18,$AA$14&"M / "&$Z$14&"H",$AA$15&"M / "&$Z$15&"H") -> 55M / 60H | M9: - | N9: 0 | O9: 0 | P9: 0 | Q9: 0 | R9: =IF($B9<$Z$18,$AA$14&"M / "&$Z$14&"H",ROUND($AA$14+INDEX($F$65:$F$108,$B9-2026)/12,1)&"M / "&ROUND($Z$14+INDEX($E$65:$E$108,$B9-2026)/12,1)&"H") -> 55M / 60H | S9: - | T9: 0 | U9: 0 | V9: 0 | W9: 0 | Y9: Observação: define o ponto de partida (Δ) nos cenários sem e com transição. | AC9: =IF($C$118="OK","R$ bi deflacionados; atualizam com o seletor ao lado.","ATENÇÃO: ampliar as colunas j da memória de cálculo.") -> R$ bi deflacionados; atualizam com o seletor ao lado. | AG9: 2022 | AH9: ='Transição 9 H e 13 M Anos'!AH9 -> 60.78 | AI9: ='Transição 9 H e 13 M Anos'!AI9 -> 56.31
B10: 2015 | C10: ='Transição 9 H e 13 M Anos'!C10 -> 123166 | D10: ='Transição 9 H e 13 M Anos'!D10 -> 817332 | E10: =C10/D10 -> 0.15069274 | F10: ='Transição 9 H e 13 M Anos'!F10 -> 163510 | G10: ='Transição 9 H e 13 M Anos'!G10 -> 1123521 | H10: =F10/G10 -> 0.14553355 | I10: ='Transição 9 H e 13 M Anos'!I10 -> 788 | J10: ='Transição 9 H e 13 M Anos'!J10 -> 0.112762 | K10: - | L10: =IF($B10<$Z$18,$AA$14&"M / "&$Z$14&"H",$AA$15&"M / "&$Z$15&"H") -> 55M / 60H | M10: - | N10: 0 | O10: 0 | P10: 0 | Q10: 0 | R10: =IF($B10<$Z$18,$AA$14&"M / "&$Z$14&"H",ROUND($AA$14+INDEX($F$65:$F$108,$B10-2026)/12,1)&"M / "&ROUND($Z$14+INDEX($E$65:$E$108,$B10-2026)/12,1)&"H") -> 55M / 60H | S10: - | T10: 0 | U10: 0 | V10: 0 | W10: 0 | AG10: 2023 | AH10: ='Transição 9 H e 13 M Anos'!AH10 -> 60.82 | AI10: ='Transição 9 H e 13 M Anos'!AI10 -> 56.48
B11: 2016 | C11: ='Transição 9 H e 13 M Anos'!C11 -> 137321 | D11: ='Transição 9 H e 13 M Anos'!D11 -> 845348 | E11: =C11/D11 -> 0.16244316 | F11: ='Transição 9 H e 13 M Anos'!F11 -> 168089 | G11: ='Transição 9 H e 13 M Anos'!G11 -> 1155913 | H11: =F11/G11 -> 0.14541665 | I11: ='Transição 9 H e 13 M Anos'!I11 -> 880 | J11: ='Transição 9 H e 13 M Anos'!J11 -> 0.0658 | K11: - | L11: =IF($B11<$Z$18,$AA$14&"M / "&$Z$14&"H",$AA$15&"M / "&$Z$15&"H") -> 55M / 60H | M11: - | N11: 0 | O11: 0 | P11: 0 | Q11: 0 | R11: =IF($B11<$Z$18,$AA$14&"M / "&$Z$14&"H",ROUND($AA$14+INDEX($F$65:$F$108,$B11-2026)/12,1)&"M / "&ROUND($Z$14+INDEX($E$65:$E$108,$B11-2026)/12,1)&"H") -> 55M / 60H | S11: - | T11: 0 | U11: 0 | V11: 0 | W11: 0 | AC11: Comparativo — Cenário Com Transição | AG11: 2024 | AH11: ='Transição 9 H e 13 M Anos'!AH11 -> 60.79 | AI11: ='Transição 9 H e 13 M Anos'!AI11 -> 56.58
B12: 2017 | C12: ='Transição 9 H e 13 M Anos'!C12 -> 143953 | D12: ='Transição 9 H e 13 M Anos'!D12 -> 872932 | E12: =C12/D12 -> 0.16490746 | F12: ='Transição 9 H e 13 M Anos'!F12 -> 180043 | G12: ='Transição 9 H e 13 M Anos'!G12 -> 1186329 | H12: =F12/G12 -> 0.15176481 | I12: ='Transição 9 H e 13 M Anos'!I12 -> 937 | J12: ='Transição 9 H e 13 M Anos'!J12 -> 0.020669 | K12: - | L12: =IF($B12<$Z$18,$AA$14&"M / "&$Z$14&"H",$AA$15&"M / "&$Z$15&"H") -> 55M / 60H | M12: - | N12: 0 | O12: 0 | P12: 0 | Q12: 0 | R12: =IF($B12<$Z$18,$AA$14&"M / "&$Z$14&"H",ROUND($AA$14+INDEX($F$65:$F$108,$B12-2026)/12,1)&"M / "&ROUND($Z$14+INDEX($E$65:$E$108,$B12-2026)/12,1)&"H") -> 55M / 60H | S12: - | T12: 0 | U12: 0 | V12: 0 | W12: 0 | Y12: Parâmetros de Regra e de Cálculo | AC12: Economia Real Acumulada | AD12: Até 2030 | AE12: Até 2060 | AG12: 2025 | AH12: ='Transição 9 H e 13 M Anos'!AH12 -> 60.72 | AI12: ='Transição 9 H e 13 M Anos'!AI12 -> 56.29
B13: 2018 | C13: ='Transição 9 H e 13 M Anos'!C13 -> 128360 | D13: ='Transição 9 H e 13 M Anos'!D13 -> 900259 | E13: =C13/D13 -> 0.14258119 | F13: ='Transição 9 H e 13 M Anos'!F13 -> 166897 | G13: ='Transição 9 H e 13 M Anos'!G13 -> 1211645 | H13: =F13/G13 -> 0.13774414 | I13: ='Transição 9 H e 13 M Anos'!I13 -> 954 | J13: ='Transição 9 H e 13 M Anos'!J13 -> 0.03434 | K13: - | L13: =IF($B13<$Z$18,$AA$14&"M / "&$Z$14&"H",$AA$15&"M / "&$Z$15&"H") -> 55M / 60H | M13: - | N13: 0 | O13: 0 | P13: 0 | Q13: 0 | R13: =IF($B13<$Z$18,$AA$14&"M / "&$Z$14&"H",ROUND($AA$14+INDEX($F$65:$F$108,$B13-2026)/12,1)&"M / "&ROUND($Z$14+INDEX($E$65:$E$108,$B13-2026)/12,1)&"H") -> 55M / 60H | S13: - | T13: 0 | U13: 0 | V13: 0 | W13: 0 | Y13: Parâmetro | Z13: Homens | AA13: Mulheres | AC13: ='Transição 9 H e 13 M Anos'!AC8 -> Transição de 9 anos (H) e 13 anos (M) | AD13: ='Transição 9 H e 13 M Anos'!AD8 -> 1.5394883e+10 | AE13: ='Transição 9 H e 13 M Anos'!AE8 -> 1.9674513e+12 | AG13: Média 2020–2025 | AH13: =AVERAGE(AH7:AH12) -> 60.735 | AI13: =AVERAGE(AI7:AI12) -> 56.33
B14: 2019 | C14: ='Transição 9 H e 13 M Anos'!C14 -> 112392 | D14: ='Transição 9 H e 13 M Anos'!D14 -> 927304 | E14: =C14/D14 -> 0.12120297 | F14: ='Transição 9 H e 13 M Anos'!F14 -> 146999 | G14: ='Transição 9 H e 13 M Anos'!G14 -> 1238650 | H14: =F14/G14 -> 0.11867679 | I14: ='Transição 9 H e 13 M Anos'!I14 -> 998 | J14: ='Transição 9 H e 13 M Anos'!J14 -> 0.044816 | K14: - | L14: =IF($B14<$Z$18,$AA$14&"M / "&$Z$14&"H",$AA$15&"M / "&$Z$15&"H") -> 55M / 60H | M14: - | N14: 0 | O14: 0 | P14: 0 | Q14: 0 | R14: =IF($B14<$Z$18,$AA$14&"M / "&$Z$14&"H",ROUND($AA$14+INDEX($F$65:$F$108,$B14-2026)/12,1)&"M / "&ROUND($Z$14+INDEX($E$65:$E$108,$B14-2026)/12,1)&"H") -> 55M / 60H | S14: - | T14: 0 | U14: 0 | V14: 0 | W14: 0 | Y14: Idade mínima vigente (anos) | Z14: ='Transição 9 H e 13 M Anos'!Z14 -> 60 | AA14: ='Transição 9 H e 13 M Anos'!AA14 -> 55 | AC14: =AC8 -> Transição Uniforme de 10 anos (H e M) | AD14: =AD8 -> 1.7664394e+10 | AE14: =AE8 -> 2.0263571e+12 | AG14: Projeção 2026–2060 | AH14: =AH13 -> 60.735 | AI14: =AI13 -> 56.33
B15: 2020 | C15: ='Transição 9 H e 13 M Anos'!C15 -> 125151 | D15: ='Transição 9 H e 13 M Anos'!D15 -> 952510 | E15: =C15/D15 -> 0.13139075 | F15: ='Transição 9 H e 13 M Anos'!F15 -> 154416 | G15: ='Transição 9 H e 13 M Anos'!G15 -> 1259472 | H15: =F15/G15 -> 0.12260376 | I15: ='Transição 9 H e 13 M Anos'!I15 -> 1045 | J15: ='Transição 9 H e 13 M Anos'!J15 -> 0.054473 | K15: - | L15: =IF($B15<$Z$18,$AA$14&"M / "&$Z$14&"H",$AA$15&"M / "&$Z$15&"H") -> 55M / 60H | M15: - | N15: 0 | O15: 0 | P15: 0 | Q15: 0 | R15: =IF($B15<$Z$18,$AA$14&"M / "&$Z$14&"H",ROUND($AA$14+INDEX($F$65:$F$108,$B15-2026)/12,1)&"M / "&ROUND($Z$14+INDEX($E$65:$E$108,$B15-2026)/12,1)&"H") -> 55M / 60H | S15: - | T15: 0 | U15: 0 | V15: 0 | W15: 0 | Y15: Idade mínima proposta — equiparada à urbana (anos) | Z15: ='Transição 9 H e 13 M Anos'!Z15 -> 65 | AA15: ='Transição 9 H e 13 M Anos'!AA15 -> 62 | AC15: Diferença | AD15: =AD14-AD13 -> 2.2695107e+09 | AE15: =AE14-AE13 -> 5.8905859e+10 | AG15: Observação: idade média na data de início do benefício (DIB) das aposentadorias por idade rurais concedidas em cada ano. A média simples 2020–2025 é mantida constante até 2060 e alimenta Ī (Z16:AA16).
B16: 2021 | C16: ='Transição 9 H e 13 M Anos'!C16 -> 144418 | D16: ='Transição 9 H e 13 M Anos'!D16 -> 974702 | E16: =C16/D16 -> 0.14816631 | F16: ='Transição 9 H e 13 M Anos'!F16 -> 177797 | G16: ='Transição 9 H e 13 M Anos'!G16 -> 1271298 | H16: =F16/G16 -> 0.1398547 | I16: ='Transição 9 H e 13 M Anos'!I16 -> 1100 | J16: ='Transição 9 H e 13 M Anos'!J16 -> 0.101602 | K16: - | L16: =IF($B16<$Z$18,$AA$14&"M / "&$Z$14&"H",$AA$15&"M / "&$Z$15&"H") -> 55M / 60H | M16: - | N16: 0 | O16: 0 | P16: 0 | Q16: 0 | R16: =IF($B16<$Z$18,$AA$14&"M / "&$Z$14&"H",ROUND($AA$14+INDEX($F$65:$F$108,$B16-2026)/12,1)&"M / "&ROUND($Z$14+INDEX($E$65:$E$108,$B16-2026)/12,1)&"H") -> 55M / 60H | S16: - | T16: 0 | U16: 0 | V16: 0 | W16: 0 | Y16: Idade média efetiva de concessão — Ī (anos) | Z16: =AH14 -> 60.735 | AA16: =AI14 -> 56.33 | AC16: =IF($Z$6='Transição 9 H e 13 M Anos'!$Z$6,"Seletores iguais nas duas abas.","ATENÇÃO: seletores distintos; comparação entre bases de Δ diferentes.") -> Seletores iguais nas duas abas. | AG16: Fonte: base Concedidos (SUIBE/INSS), espécie 41. Por ser valor pontual, não captura a dispersão das idades de concessão (premissa 9 da Nota Explicativa).
B17: 2022 | C17: ='Transição 9 H e 13 M Anos'!C17 -> 181243 | D17: ='Transição 9 H e 13 M Anos'!D17 -> 996419 | E17: =C17/D17 -> 0.18189436 | F17: ='Transição 9 H e 13 M Anos'!F17 -> 219393 | G17: ='Transição 9 H e 13 M Anos'!G17 -> 1278635 | H17: =F17/G17 -> 0.17158376 | I17: ='Transição 9 H e 13 M Anos'!I17 -> 1212 | J17: ='Transição 9 H e 13 M Anos'!J17 -> 0.059324 | K17: - | L17: =IF($B17<$Z$18,$AA$14&"M / "&$Z$14&"H",$AA$15&"M / "&$Z$15&"H") -> 55M / 60H | M17: - | N17: 0 | O17: 0 | P17: 0 | Q17: 0 | R17: =IF($B17<$Z$18,$AA$14&"M / "&$Z$14&"H",ROUND($AA$14+INDEX($F$65:$F$108,$B17-2026)/12,1)&"M / "&ROUND($Z$14+INDEX($E$65:$E$108,$B17-2026)/12,1)&"H") -> 55M / 60H | S17: - | T17: 0 | U17: 0 | V17: 0 | W17: 0 | Y17: Defasagem da concessão na regra vigente — Δ (meses) | Z17: =IF($Z$6="Idade média efetiva",ROUND(12*(Z16-Z14),0),0) -> 9 | AA17: =IF($Z$6="Idade média efetiva",ROUND(12*(AA16-AA14),0),0) -> 16
B18: 2023 | C18: ='Transição 9 H e 13 M Anos'!C18 -> 198543 | D18: ='Transição 9 H e 13 M Anos'!D18 -> 1018596 | E18: =C18/D18 -> 0.1949183 | F18: ='Transição 9 H e 13 M Anos'!F18 -> 240257 | G18: ='Transição 9 H e 13 M Anos'!G18 -> 1286407 | H18: =F18/G18 -> 0.18676593 | I18: ='Transição 9 H e 13 M Anos'!I18 -> 1320 | J18: ='Transição 9 H e 13 M Anos'!J18 -> 0.03707 | K18: - | L18: =IF($B18<$Z$18,$AA$14&"M / "&$Z$14&"H",$AA$15&"M / "&$Z$15&"H") -> 55M / 60H | M18: - | N18: 0 | O18: 0 | P18: 0 | Q18: 0 | R18: =IF($B18<$Z$18,$AA$14&"M / "&$Z$14&"H",ROUND($AA$14+INDEX($F$65:$F$108,$B18-2026)/12,1)&"M / "&ROUND($Z$14+INDEX($E$65:$E$108,$B18-2026)/12,1)&"H") -> 55M / 60H | S18: - | T18: 0 | U18: 0 | V18: 0 | W18: 0 | Y18: Início da vigência da nova regra (ano) | Z18: ='Transição 9 H e 13 M Anos'!Z18 -> 2027
B19: 2024 | C19: ='Transição 9 H e 13 M Anos'!C19 -> 180610 | D19: ='Transição 9 H e 13 M Anos'!D19 -> 1041403 | E19: =C19/D19 -> 0.1734295 | F19: ='Transição 9 H e 13 M Anos'!F19 -> 211739 | G19: ='Transição 9 H e 13 M Anos'!G19 -> 1296107 | H19: =F19/G19 -> 0.16336537 | I19: ='Transição 9 H e 13 M Anos'!I19 -> 1412 | J19: ='Transição 9 H e 13 M Anos'!J19 -> 0.0477 | K19: - | L19: =IF($B19<$Z$18,$AA$14&"M / "&$Z$14&"H",$AA$15&"M / "&$Z$15&"H") -> 55M / 60H | M19: - | N19: 0 | O19: 0 | P19: 0 | Q19: 0 | R19: =IF($B19<$Z$18,$AA$14&"M / "&$Z$14&"H",ROUND($AA$14+INDEX($F$65:$F$108,$B19-2026)/12,1)&"M / "&ROUND($Z$14+INDEX($E$65:$E$108,$B19-2026)/12,1)&"H") -> 55M / 60H | S19: - | T19: 0 | U19: 0 | V19: 0 | W19: 0 | Y19: Duração da transição — acréscimo gradual da idade mínima (anos) | Z19: 10
B20: 2025 | C20: =D20*E20 -> 176201.89 | D20: ='Transição 9 H e 13 M Anos'!D20 -> 1061714 | E20: =AVERAGE($E$15:$E$19) -> 0.16595984 | F20: =G20*H20 -> 205285.49 | G20: ='Transição 9 H e 13 M Anos'!G20 -> 1308929 | H20: =AVERAGE($H$15:$H$19) -> 0.1568347 | I20: ='Transição 9 H e 13 M Anos'!I20 -> 1518 | J20: ='Transição 9 H e 13 M Anos'!J20 -> 0.039 | K20: - | L20: =IF($B20<$Z$18,$AA$14&"M / "&$Z$14&"H",$AA$15&"M / "&$Z$15&"H") -> 55M / 60H | M20: - | N20: 0 | O20: 0 | P20: 0 | Q20: 0 | R20: =IF($B20<$Z$18,$AA$14&"M / "&$Z$14&"H",ROUND($AA$14+INDEX($F$65:$F$108,$B20-2026)/12,1)&"M / "&ROUND($Z$14+INDEX($E$65:$E$108,$B20-2026)/12,1)&"H") -> 55M / 60H | S20: - | T20: 0 | U20: 0 | V20: 0 | W20: 0 | Y20: Pagamentos por ano (12 mensalidades + 13º) | Z20: ='Transição 9 H e 13 M Anos'!Z20 -> 13
B21: 2026 | C21: =D21*E21 -> 178600.84 | D21: ='Transição 9 H e 13 M Anos'!D21 -> 1076169 | E21: =AVERAGE($E$15:$E$19) -> 0.16595984 | F21: =G21*H21 -> 207827.47 | G21: ='Transição 9 H e 13 M Anos'!G21 -> 1325137 | H21: =AVERAGE($H$15:$H$19) -> 0.1568347 | I21: ='Transição 9 H e 13 M Anos'!I21 -> 1621 | J21: ='Transição 9 H e 13 M Anos'!J21 -> 0.0376 | K21: ='Transição 9 H e 13 M Anos'!K21 -> 1 | L21: =IF($B21<$Z$18,$AA$14&"M / "&$Z$14&"H",$AA$15&"M / "&$Z$15&"H") -> 55M / 60H | M21: - | N21: 0 | O21: 0 | P21: 0 | Q21: 0 | R21: =IF($B21<$Z$18,$AA$14&"M / "&$Z$14&"H",ROUND($AA$14+INDEX($F$65:$F$108,$B21-2026)/12,1)&"M / "&ROUND($Z$14+INDEX($E$65:$E$108,$B21-2026)/12,1)&"H") -> 55M / 60H | S21: - | T21: 0 | U21: 0 | V21: 0 | W21: 0 | Y21: Observação: nesta aba, são digitados (fonte azul) a duração da transição (Z19) e o seletor do cenário (Z6), este independente do da aba "Transição 9 H e 13 M Anos"; os demais dados (idades, início da vigência, pagamentos por ano e dados de entrada) são vinculados por fórmula a essa aba, onde são digitados uma única vez. Idade mínima vigente = A₀; Ī = idade média efetiva de concessão (média 2020–2025); a idade mínima proposta equipara a rural à urbana (65 anos, homens; 62, mulheres).
B22: 2027 | C22: =D22*E22 -> 180313.88 | D22: ='Transição 9 H e 13 M Anos'!D22 -> 1086491 | E22: =AVERAGE($E$15:$E$19) -> 0.16595984 | F22: =G22*H22 -> 210859.08 | G22: ='Transição 9 H e 13 M Anos'!G22 -> 1344467 | H22: =AVERAGE($H$15:$H$19) -> 0.1568347 | I22: ='Transição 9 H e 13 M Anos'!I22 -> 1716.9632 | J22: ='Transição 9 H e 13 M Anos'!J22 -> 0.0306 | K22: =K21*(1+J22) -> 1.0306 | L22: =IF($B22<$Z$18,$AA$14&"M / "&$Z$14&"H",$AA$15&"M / "&$Z$15&"H") -> 62M / 65H | M22: =SUMPRODUCT(($B$120:$B$1751="Sem Transição")*$F$120:$F$1751*((ABS(((12*($B22-$D$120:$D$1751+1)-$E$120:$E$1751+1)-$G$120:$G$1751))-ABS(((12*($B22-$D$120:$D$1751+1)-$E$120:$E$1751+1)-$G$120:$G$1751)-12))-(ABS(((12*($B22-$D$120:$D$1751+1)-$E$120:$E$1751+1)-$S$120:$S$1751))-ABS(((12*($B22-$D$120:$D$1751+1)-$E$120:$E$1751+1)-$S$120:$S$1751)-12)))/2)*$Z$20/12 -> 97670.017 | N22: =M22*I22 -> 1.6769582e+08 | O22: =SUM(N$22:N22) -> 1.6769582e+08 | P22: =N22/$K22 -> 1.6271669e+08 | Q22: =SUM(P$22:P22) -> 1.6271669e+08 | R22: =IF($B22<$Z$18,$AA$14&"M / "&$Z$14&"H",ROUND($AA$14+INDEX($F$65:$F$108,$B22-2026)/12,1)&"M / "&ROUND($Z$14+INDEX($E$65:$E$108,$B22-2026)/12,1)&"H") -> 55,7M / 60,5H | S22: =SUMPRODUCT(($B$120:$B$1751="Com Transição")*$F$120:$F$1751*((ABS(((12*($B22-$D$120:$D$1751+1)-$E$120:$E$1751+1)-$G$120:$G$1751))-ABS(((12*($B22-$D$120:$D$1751+1)-$E$120:$E$1751+1)-$G$120:$G$1751)-12))-(ABS(((12*($B22-$D$120:$D$1751+1)-$E$120:$E$1751+1)-$S$120:$S$1751))-ABS(((12*($B22-$D$120:$D$1751+1)-$E$120:$E$1751+1)-$S$120:$S$1751)-12)))/2)*$Z$20/12 -> 0 | T22: =S22*I22 -> 0 | U22: =SUM(T$22:T22) -> 0 | V22: =T22/$K22 -> 0 | W22: =SUM(V$22:V22) -> 0 | Y22: Δ = atraso (meses) da concessão na regra vigente em relação à idade mínima vigente = 12 × (Ī − A₀), arredondado (0 se o seletor estiver em "Idade mínima vigente"). Início da vigência ≥ 2027; na transição, a idade mínima sobe a cada janeiro, em meses, até a idade proposta, ao longo da duração (Z19).
B23: 2028 | C23: =D23*E23 -> 181823.45 | D23: ='Transição 9 H e 13 M Anos'!D23 -> 1095587 | E23: =AVERAGE($E$15:$E$19) -> 0.16595984 | F23: =G23*H23 -> 213564.01 | G23: ='Transição 9 H e 13 M Anos'!G23 -> 1361714 | H23: =AVERAGE($H$15:$H$19) -> 0.1568347 | I23: ='Transição 9 H e 13 M Anos'!I23 -> 1811.9113 | J23: ='Transição 9 H e 13 M Anos'!J23 -> 0.03 | K23: =K22*(1+J23) -> 1.061518 | L23: =IF($B23<$Z$18,$AA$14&"M / "&$Z$14&"H",$AA$15&"M / "&$Z$15&"H") -> 62M / 65H | M23: =SUMPRODUCT(($B$120:$B$1751="Sem Transição")*$F$120:$F$1751*((ABS(((12*($B23-$D$120:$D$1751+1)-$E$120:$E$1751+1)-$G$120:$G$1751))-ABS(((12*($B23-$D$120:$D$1751+1)-$E$120:$E$1751+1)-$G$120:$G$1751)-12))-(ABS(((12*($B23-$D$120:$D$1751+1)-$E$120:$E$1751+1)-$S$120:$S$1751))-ABS(((12*($B23-$D$120:$D$1751+1)-$E$120:$E$1751+1)-$S$120:$S$1751)-12)))/2)*$Z$20/12 -> 2541840 | N23: =M23*I23 -> 4.6055886e+09 | O23: =SUM(N$22:N23) -> 4.7732844e+09 | P23: =N23/$K23 -> 4.3386816e+09 | Q23: =SUM(P$22:P23) -> 4.5013982e+09 | R23: =IF($B23<$Z$18,$AA$14&"M / "&$Z$14&"H",ROUND($AA$14+INDEX($F$65:$F$108,$B23-2026)/12,1)&"M / "&ROUND($Z$14+INDEX($E$65:$E$108,$B23-2026)/12,1)&"H") -> 56,4M / 61H | S23: =SUMPRODUCT(($B$120:$B$1751="Com Transição")*$F$120:$F$1751*((ABS(((12*($B23-$D$120:$D$1751+1)-$E$120:$E$1751+1)-$G$120:$G$1751))-ABS(((12*($B23-$D$120:$D$1751+1)-$E$120:$E$1751+1)-$G$120:$G$1751)-12))-(ABS(((12*($B23-$D$120:$D$1751+1)-$E$120:$E$1751+1)-$S$120:$S$1751))-ABS(((12*($B23-$D$120:$D$1751+1)-$E$120:$E$1751+1)-$S$120:$S$1751)-12)))/2)*$Z$20/12 -> 690289.89 | T23: =S23*I23 -> 1.250744e+09 | U23: =SUM(T$22:T23) -> 1.250744e+09 | V23: =T23/$K23 -> 1.1782598e+09 | W23: =SUM(V$22:V23) -> 1.1782598e+09
B24: 2029 | C24: =D24*E24 -> 183806 | D24: ='Transição 9 H e 13 M Anos'!D24 -> 1107533 | E24: =AVERAGE($E$15:$E$19) -> 0.16595984 | F24: =G24*H24 -> 216512.66 | G24: ='Transição 9 H e 13 M Anos'!G24 -> 1380515 | H24: =AVERAGE($H$15:$H$19) -> 0.1568347 | I24: ='Transição 9 H e 13 M Anos'!I24 -> 1912.8347 | J24: ='Transição 9 H e 13 M Anos'!J24 -> 0.03 | K24: =K23*(1+J24) -> 1.0933635 | L24: =IF($B24<$Z$18,$AA$14&"M / "&$Z$14&"H",$AA$15&"M / "&$Z$15&"H") -> 62M / 65H | M24: =SUMPRODUCT(($B$120:$B$1751="Sem Transição")*$F$120:$F$1751*((ABS(((12*($B24-$D$120:$D$1751+1)-$E$120:$E$1751+1)-$G$120:$G$1751))-ABS(((12*($B24-$D$120:$D$1751+1)-$E$120:$E$1751+1)-$G$120:$G$1751)-12))-(ABS(((12*($B24-$D$120:$D$1751+1)-$E$120:$E$1751+1)-$S$120:$S$1751))-ABS(((12*($B24-$D$120:$D$1751+1)-$E$120:$E$1751+1)-$S$120:$S$1751)-12)))/2)*$Z$20/12 -> 7537456.4 | N24: =M24*I24 -> 1.4417908e+10 | O24: =SUM(N$22:N24) -> 1.9191193e+10 | P24: =N24/$K24 -> 1.3186747e+10 | Q24: =SUM(P$22:P24) -> 1.7688145e+10 | R24: =IF($B24<$Z$18,$AA$14&"M / "&$Z$14&"H",ROUND($AA$14+INDEX($F$65:$F$108,$B24-2026)/12,1)&"M / "&ROUND($Z$14+INDEX($E$65:$E$108,$B24-2026)/12,1)&"H") -> 57,1M / 61,5H | S24: =SUMPRODUCT(($B$120:$B$1751="Com Transição")*$F$120:$F$1751*((ABS(((12*($B24-$D$120:$D$1751+1)-$E$120:$E$1751+1)-$G$120:$G$1751))-ABS(((12*($B24-$D$120:$D$1751+1)-$E$120:$E$1751+1)-$G$120:$G$1751)-12))-(ABS(((12*($B24-$D$120:$D$1751+1)-$E$120:$E$1751+1)-$S$120:$S$1751))-ABS(((12*($B24-$D$120:$D$1751+1)-$E$120:$E$1751+1)-$S$120:$S$1751)-12)))/2)*$Z$20/12 -> 3059295.4 | T24: =S24*I24 -> 5.8519265e+09 | U24: =SUM(T$22:T24) -> 7.1026705e+09 | V24: =T24/$K24 -> 5.3522239e+09 | W24: =SUM(V$22:V24) -> 6.5304838e+09
B25: 2030 | C25: =D25*E25 -> 186296.9 | D25: ='Transição 9 H e 13 M Anos'!D25 -> 1122542 | E25: =AVERAGE($E$15:$E$19) -> 0.16595984 | F25: =G25*H25 -> 221038.75 | G25: ='Transição 9 H e 13 M Anos'!G25 -> 1409374 | H25: =AVERAGE($H$15:$H$19) -> 0.1568347 | I25: ='Transição 9 H e 13 M Anos'!I25 -> 2019.7622 | J25: ='Transição 9 H e 13 M Anos'!J25 -> 0.03 | K25: =K24*(1+J25) -> 1.1261644 | L25: =IF($B25<$Z$18,$AA$14&"M / "&$Z$14&"H",$AA$15&"M / "&$Z$15&"H") -> 62M / 65H | M25: =SUMPRODUCT(($B$120:$B$1751="Sem Transição")*$F$120:$F$1751*((ABS(((12*($B25-$D$120:$D$1751+1)-$E$120:$E$1751+1)-$G$120:$G$1751))-ABS(((12*($B25-$D$120:$D$1751+1)-$E$120:$E$1751+1)-$G$120:$G$1751)-12))-(ABS(((12*($B25-$D$120:$D$1751+1)-$E$120:$E$1751+1)-$S$120:$S$1751))-ABS(((12*($B25-$D$120:$D$1751+1)-$E$120:$E$1751+1)-$S$120:$S$1751)-12)))/2)*$Z$20/12 -> 12706290 | N25: =M25*I25 -> 2.5663685e+10 | O25: =SUM(N$22:N25) -> 4.4854878e+10 | P25: =N25/$K25 -> 2.2788577e+10 | Q25: =SUM(P$22:P25) -> 4.0476722e+10 | R25: =IF($B25<$Z$18,$AA$14&"M / "&$Z$14&"H",ROUND($AA$14+INDEX($F$65:$F$108,$B25-2026)/12,1)&"M / "&ROUND($Z$14+INDEX($E$65:$E$108,$B25-2026)/12,1)&"H") -> 57,8M / 62H | S25: =SUMPRODUCT(($B$120:$B$1751="Com Transição")*$F$120:$F$1751*((ABS(((12*($B25-$D$120:$D$1751+1)-$E$120:$E$1751+1)-$G$120:$G$1751))-ABS(((12*($B25-$D$120:$D$1751+1)-$E$120:$E$1751+1)-$G$120:$G$1751)-12))-(ABS(((12*($B25-$D$120:$D$1751+1)-$E$120:$E$1751+1)-$S$120:$S$1751))-ABS(((12*($B25-$D$120:$D$1751+1)-$E$120:$E$1751+1)-$S$120:$S$1751)-12)))/2)*$Z$20/12 -> 6207965.4 | T25: =S25*I25 -> 1.2538614e+10 | U25: =SUM(T$22:T25) -> 1.9641284e+10 | V25: =T25/$K25 -> 1.113391e+10 | W25: =SUM(V$22:V25) -> 1.7664394e+10
B26: 2031 | C26: =D26*E26 -> 189167.34 | D26: ='Transição 9 H e 13 M Anos'!D26 -> 1139838 | E26: =AVERAGE($E$15:$E$19) -> 0.16595984 | F26: =G26*H26 -> 227466 | G26: ='Transição 9 H e 13 M Anos'!G26 -> 1450355 | H26: =AVERAGE($H$15:$H$19) -> 0.1568347 | I26: ='Transição 9 H e 13 M Anos'!I26 -> 2132.2629 | J26: ='Transição 9 H e 13 M Anos'!J26 -> 0.03 | K26: =K25*(1+J26) -> 1.1599494 | L26: =IF($B26<$Z$18,$AA$14&"M / "&$Z$14&"H",$AA$15&"M / "&$Z$15&"H") -> 62M / 65H | M26: =SUMPRODUCT(($B$120:$B$1751="Sem Transição")*$F$120:$F$1751*((ABS(((12*($B26-$D$120:$D$1751+1)-$E$120:$E$1751+1)-$G$120:$G$1751))-ABS(((12*($B26-$D$120:$D$1751+1)-$E$120:$E$1751+1)-$G$120:$G$1751)-12))-(ABS(((12*($B26-$D$120:$D$1751+1)-$E$120:$E$1751+1)-$S$120:$S$1751))-ABS(((12*($B26-$D$120:$D$1751+1)-$E$120:$E$1751+1)-$S$120:$S$1751)-12)))/2)*$Z$20/12 -> 17949387 | N26: =M26*I26 -> 3.8272812e+10 | O26: =SUM(N$22:N26) -> 8.312769e+10 | P26: =N26/$K26 -> 3.2995243e+10 | Q26: =SUM(P$22:P26) -> 7.3471965e+10 | R26: =IF($B26<$Z$18,$AA$14&"M / "&$Z$14&"H",ROUND($AA$14+INDEX($F$65:$F$108,$B26-2026)/12,1)&"M / "&ROUND($Z$14+INDEX($E$65:$E$108,$B26-2026)/12,1)&"H") -> 58,5M / 62,5H | S26: =SUMPRODUCT(($B$120:$B$1751="Com Transição")*$F$120:$F$1751*((ABS(((12*($B26-$D$120:$D$1751+1)-$E$120:$E$1751+1)-$G$120:$G$1751))-ABS(((12*($B26-$D$120:$D$1751+1)-$E$120:$E$1751+1)-$G$120:$G$1751)-12))-(ABS(((12*($B26-$D$120:$D$1751+1)-$E$120:$E$1751+1)-$S$120:$S$1751))-ABS(((12*($B26-$D$120:$D$1751+1)-$E$120:$E$1751+1)-$S$120:$S$1751)-12)))/2)*$Z$20/12 -> 9496445 | T26: =S26*I26 -> 2.0248918e+10 | U26: =SUM(T$22:T26) -> 3.9890202e+10 | V26: =T26/$K26 -> 1.7456725e+10 | W26: =SUM(V$22:V26) -> 3.5121119e+10
B27: 2032 | C27: =D27*E27 -> 192404.22 | D27: ='Transição 9 H e 13 M Anos'!D27 -> 1159342 | E27: =AVERAGE($E$15:$E$19) -> 0.16595984 | F27: =G27*H27 -> 235068.87 | G27: ='Transição 9 H e 13 M Anos'!G27 -> 1498832 | H27: =AVERAGE($H$15:$H$19) -> 0.1568347 | I27: ='Transição 9 H e 13 M Anos'!I27 -> 2251.03 | J27: ='Transição 9 H e 13 M Anos'!J27 -> 0.03 | K27: =K26*(1+J27) -> 1.1947479 | L27: =IF($B27<$Z$18,$AA$14&"M / "&$Z$14&"H",$AA$15&"M / "&$Z$15&"H") -> 62M / 65H | M27: =SUMPRODUCT(($B$120:$B$1751="Sem Transição")*$F$120:$F$1751*((ABS(((12*($B27-$D$120:$D$1751+1)-$E$120:$E$1751+1)-$G$120:$G$1751))-ABS(((12*($B27-$D$120:$D$1751+1)-$E$120:$E$1751+1)-$G$120:$G$1751)-12))-(ABS(((12*($B27-$D$120:$D$1751+1)-$E$120:$E$1751+1)-$S$120:$S$1751))-ABS(((12*($B27-$D$120:$D$1751+1)-$E$120:$E$1751+1)-$S$120:$S$1751)-12)))/2)*$Z$20/12 -> 22023217 | N27: =M27*I27 -> 4.9574922e+10 | O27: =SUM(N$22:N27) -> 1.3270261e+11 | P27: =N27/$K27 -> 4.1494045e+10 | Q27: =SUM(P$22:P27) -> 1.1496601e+11 | R27: =IF($B27<$Z$18,$AA$14&"M / "&$Z$14&"H",ROUND($AA$14+INDEX($F$65:$F$108,$B27-2026)/12,1)&"M / "&ROUND($Z$14+INDEX($E$65:$E$108,$B27-2026)/12,1)&"H") -> 59,2M / 63H | S27: =SUMPRODUCT(($B$120:$B$1751="Com Transição")*$F$120:$F$1751*((ABS(((12*($B27-$D$120:$D$1751+1)-$E$120:$E$1751+1)-$G$120:$G$1751))-ABS(((12*($B27-$D$120:$D$1751+1)-$E$120:$E$1751+1)-$G$120:$G$1751)-12))-(ABS(((12*($B27-$D$120:$D$1751+1)-$E$120:$E$1751+1)-$S$120:$S$1751))-ABS(((12*($B27-$D$120:$D$1751+1)-$E$120:$E$1751+1)-$S$120:$S$1751)-12)))/2)*$Z$20/12 -> 12719802 | T27: =S27*I27 -> 2.8632657e+10 | U27: =SUM(T$22:T27) -> 6.8522858e+10 | V27: =T27/$K27 -> 2.3965439e+10 | W27: =SUM(V$22:V27) -> 5.9086558e+10
B28: 2033 | C28: =D28*E28 -> 195333.74 | D28: ='Transição 9 H e 13 M Anos'!D28 -> 1176994 | E28: =AVERAGE($E$15:$E$19) -> 0.16595984 | F28: =G28*H28 -> 243047.05 | G28: ='Transição 9 H e 13 M Anos'!G28 -> 1549702 | H28: =AVERAGE($H$15:$H$19) -> 0.1568347 | I28: ='Transição 9 H e 13 M Anos'!I28 -> 2361.7807 | J28: ='Transição 9 H e 13 M Anos'!J28 -> 0.03 | K28: =K27*(1+J28) -> 1.2305903 | L28: =IF($B28<$Z$18,$AA$14&"M / "&$Z$14&"H",$AA$15&"M / "&$Z$15&"H") -> 62M / 65H | M28: =SUMPRODUCT(($B$120:$B$1751="Sem Transição")*$F$120:$F$1751*((ABS(((12*($B28-$D$120:$D$1751+1)-$E$120:$E$1751+1)-$G$120:$G$1751))-ABS(((12*($B28-$D$120:$D$1751+1)-$E$120:$E$1751+1)-$G$120:$G$1751)-12))-(ABS(((12*($B28-$D$120:$D$1751+1)-$E$120:$E$1751+1)-$S$120:$S$1751))-ABS(((12*($B28-$D$120:$D$1751+1)-$E$120:$E$1751+1)-$S$120:$S$1751)-12)))/2)*$Z$20/12 -> 25139114 | N28: =M28*I28 -> 5.9373074e+10 | O28: =SUM(N$22:N28) -> 1.9207569e+11 | P28: =N28/$K28 -> 4.8247637e+10 | Q28: =SUM(P$22:P28) -> 1.6321365e+11 | R28: =IF($B28<$Z$18,$AA$14&"M / "&$Z$14&"H",ROUND($AA$14+INDEX($F$65:$F$108,$B28-2026)/12,1)&"M / "&ROUND($Z$14+INDEX($E$65:$E$108,$B28-2026)/12,1)&"H") -> 59,9M / 63,5H | S28: =SUMPRODUCT(($B$120:$B$1751="Com Transição")*$F$120:$F$1751*((ABS(((12*($B28-$D$120:$D$1751+1)-$E$120:$E$1751+1)-$G$120:$G$1751))-ABS(((12*($B28-$D$120:$D$1751+1)-$E$120:$E$1751+1)-$G$120:$G$1751)-12))-(ABS(((12*($B28-$D$120:$D$1751+1)-$E$120:$E$1751+1)-$S$120:$S$1751))-ABS(((12*($B28-$D$120:$D$1751+1)-$E$120:$E$1751+1)-$S$120:$S$1751)-12)))/2)*$Z$20/12 -> 16142359 | T28: =S28*I28 -> 3.8124711e+10 | U28: =SUM(T$22:T28) -> 1.0664757e+11 | V28: =T28/$K28 -> 3.0980832e+10 | W28: =SUM(V$22:V28) -> 9.0067389e+10
B29: 2034 | C29: =D29*E29 -> 198579.92 | D29: ='Transição 9 H e 13 M Anos'!D29 -> 1196554 | E29: =AVERAGE($E$15:$E$19) -> 0.16595984 | F29: =G29*H29 -> 250194.8 | G29: ='Transição 9 H e 13 M Anos'!G29 -> 1595277 | H29: =AVERAGE($H$15:$H$19) -> 0.1568347 | I29: ='Transição 9 H e 13 M Anos'!I29 -> 2476.7994 | J29: ='Transição 9 H e 13 M Anos'!J29 -> 0.03 | K29: =K28*(1+J29) -> 1.267508 | L29: =IF($B29<$Z$18,$AA$14&"M / "&$Z$14&"H",$AA$15&"M / "&$Z$15&"H") -> 62M / 65H | M29: =SUMPRODUCT(($B$120:$B$1751="Sem Transição")*$F$120:$F$1751*((ABS(((12*($B29-$D$120:$D$1751+1)-$E$120:$E$1751+1)-$G$120:$G$1751))-ABS(((12*($B29-$D$120:$D$1751+1)-$E$120:$E$1751+1)-$G$120:$G$1751)-12))-(ABS(((12*($B29-$D$120:$D$1751+1)-$E$120:$E$1751+1)-$S$120:$S$1751))-ABS(((12*($B29-$D$120:$D$1751+1)-$E$120:$E$1751+1)-$S$120:$S$1751)-12)))/2)*$Z$20/12 -> 26885932 | N29: =M29*I29 -> 6.6591059e+10 | O29: =SUM(N$22:N29) -> 2.5866674e+11 | P29: =N29/$K29 -> 5.2536993e+10 | Q29: =SUM(P$22:P29) -> 2.1575064e+11 | R29: =IF($B29<$Z$18,$AA$14&"M / "&$Z$14&"H",ROUND($AA$14+INDEX($F$65:$F$108,$B29-2026)/12,1)&"M / "&ROUND($Z$14+INDEX($E$65:$E$108,$B29-2026)/12,1)&"H") -> 60,6M / 64H | S29: =SUMPRODUCT(($B$120:$B$1751="Com Transição")*$F$120:$F$1751*((ABS(((12*($B29-$D$120:$D$1751+1)-$E$120:$E$1751+1)-$G$120:$G$1751))-ABS(((12*($B29-$D$120:$D$1751+1)-$E$120:$E$1751+1)-$G$120:$G$1751)-12))-(ABS(((12*($B29-$D$120:$D$1751+1)-$E$120:$E$1751+1)-$S$120:$S$1751))-ABS(((12*($B29-$D$120:$D$1751+1)-$E$120:$E$1751+1)-$S$120:$S$1751)-12)))/2)*$Z$20/12 -> 19763918 | T29: =S29*I29 -> 4.8951259e+10 | U29: =SUM(T$22:T29) -> 1.5559883e+11 | V29: =T29/$K29 -> 3.8620079e+10 | W29: =SUM(V$22:V29) -> 1.2868747e+11
B30: 2035 | C30: =D30*E30 -> 203288.86 | D30: ='Transição 9 H e 13 M Anos'!D30 -> 1224928 | E30: =AVERAGE($E$15:$E$19) -> 0.16595984 | F30: =G30*H30 -> 255651.39 | G30: ='Transição 9 H e 13 M Anos'!G30 -> 1630069 | H30: =AVERAGE($H$15:$H$19) -> 0.1568347 | I30: ='Transição 9 H e 13 M Anos'!I30 -> 2596.4288 | J30: ='Transição 9 H e 13 M Anos'!J30 -> 0.03 | K30: =K29*(1+J30) -> 1.3055332 | L30: =IF($B30<$Z$18,$AA$14&"M / "&$Z$14&"H",$AA$15&"M / "&$Z$15&"H") -> 62M / 65H | M30: =SUMPRODUCT(($B$120:$B$1751="Sem Transição")*$F$120:$F$1751*((ABS(((12*($B30-$D$120:$D$1751+1)-$E$120:$E$1751+1)-$G$120:$G$1751))-ABS(((12*($B30-$D$120:$D$1751+1)-$E$120:$E$1751+1)-$G$120:$G$1751)-12))-(ABS(((12*($B30-$D$120:$D$1751+1)-$E$120:$E$1751+1)-$S$120:$S$1751))-ABS(((12*($B30-$D$120:$D$1751+1)-$E$120:$E$1751+1)-$S$120:$S$1751)-12)))/2)*$Z$20/12 -> 27470758 | N30: =M30*I30 -> 7.1325868e+10 | O30: =SUM(N$22:N30) -> 3.2999261e+11 | P30: =N30/$K30 -> 5.4633513e+10 | Q30: =SUM(P$22:P30) -> 2.7038415e+11 | R30: =IF($B30<$Z$18,$AA$14&"M / "&$Z$14&"H",ROUND($AA$14+INDEX($F$65:$F$108,$B30-2026)/12,1)&"M / "&ROUND($Z$14+INDEX($E$65:$E$108,$B30-2026)/12,1)&"H") -> 61,3M / 64,5H | S30: =SUMPRODUCT(($B$120:$B$1751="Com Transição")*$F$120:$F$1751*((ABS(((12*($B30-$D$120:$D$1751+1)-$E$120:$E$1751+1)-$G$120:$G$1751))-ABS(((12*($B30-$D$120:$D$1751+1)-$E$120:$E$1751+1)-$G$120:$G$1751)-12))-(ABS(((12*($B30-$D$120:$D$1751+1)-$E$120:$E$1751+1)-$S$120:$S$1751))-ABS(((12*($B30-$D$120:$D$1751+1)-$E$120:$E$1751+1)-$S$120:$S$1751)-12)))/2)*$Z$20/12 -> 23439569 | T30: =S30*I30 -> 6.0859173e+10 | U30: =SUM(T$22:T30) -> 2.16458e+11 | V30: =T30/$K30 -> 4.6616333e+10 | W30: =SUM(V$22:V30) -> 1.753038e+11
B31: 2036 | C31: =D31*E31 -> 209615.41 | D31: ='Transição 9 H e 13 M Anos'!D31 -> 1263049 | E31: =AVERAGE($E$15:$E$19) -> 0.16595984 | F31: =G31*H31 -> 258603.02 | G31: ='Transição 9 H e 13 M Anos'!G31 -> 1648889 | H31: =AVERAGE($H$15:$H$19) -> 0.1568347 | I31: ='Transição 9 H e 13 M Anos'!I31 -> 2720.2784 | J31: ='Transição 9 H e 13 M Anos'!J31 -> 0.03 | K31: =K30*(1+J31) -> 1.3446992 | L31: =IF($B31<$Z$18,$AA$14&"M / "&$Z$14&"H",$AA$15&"M / "&$Z$15&"H") -> 62M / 65H | M31: =SUMPRODUCT(($B$120:$B$1751="Sem Transição")*$F$120:$F$1751*((ABS(((12*($B31-$D$120:$D$1751+1)-$E$120:$E$1751+1)-$G$120:$G$1751))-ABS(((12*($B31-$D$120:$D$1751+1)-$E$120:$E$1751+1)-$G$120:$G$1751)-12))-(ABS(((12*($B31-$D$120:$D$1751+1)-$E$120:$E$1751+1)-$S$120:$S$1751))-ABS(((12*($B31-$D$120:$D$1751+1)-$E$120:$E$1751+1)-$S$120:$S$1751)-12)))/2)*$Z$20/12 -> 28128863 | N31: =M31*I31 -> 7.651834e+10 | O31: =SUM(N$22:N31) -> 4.0651095e+11 | P31: =N31/$K31 -> 5.6903683e+10 | Q31: =SUM(P$22:P31) -> 3.2728784e+11 | R31: =IF($B31<$Z$18,$AA$14&"M / "&$Z$14&"H",ROUND($AA$14+INDEX($F$65:$F$108,$B31-2026)/12,1)&"M / "&ROUND($Z$14+INDEX($E$65:$E$108,$B31-2026)/12,1)&"H") -> 62M / 65H | S31: =SUMPRODUCT(($B$120:$B$1751="Com Transição")*$F$120:$F$1751*((ABS(((12*($B31-$D$120:$D$1751+1)-$E$120:$E$1751+1)-$G$120:$G$1751))-ABS(((12*($B31-$D$120:$D$1751+1)-$E$120:$E$1751+1)-$G$120:$G$1751)-12))-(ABS(((12*($B31-$D$120:$D$1751+1)-$E$120:$E$1751+1)-$S$120:$S$1751))-ABS(((12*($B31-$D$120:$D$1751+1)-$E$120:$E$1751+1)-$S$120:$S$1751)-12)))/2)*$Z$20/12 -> 27325403 | T31: =S31*I31 -> 7.4332705e+10 | U31: =SUM(T$22:T31) -> 2.9079071e+11 | V31: =T31/$K31 -> 5.5278312e+10 | W31: =SUM(V$22:V31) -> 2.3058211e+11
B32: 2037 | C32: =D32*E32 -> 216931.75 | D32: ='Transição 9 H e 13 M Anos'!D32 -> 1307134 | E32: =AVERAGE($E$15:$E$19) -> 0.16595984 | F32: =G32*H32 -> 259555.47 | G32: ='Transição 9 H e 13 M Anos'!G32 -> 1654962 | H32: =AVERAGE($H$15:$H$19) -> 0.1568347 | I32: ='Transição 9 H e 13 M Anos'!I32 -> 2848.6756 | J32: ='Transição 9 H e 13 M Anos'!J32 -> 0.03 | K32: =K31*(1+J32) -> 1.3850402 | L32: =IF($B32<$Z$18,$AA$14&"M / "&$Z$14&"H",$AA$15&"M / "&$Z$15&"H") -> 62M / 65H | M32: =SUMPRODUCT(($B$120:$B$1751="Sem Transição")*$F$120:$F$1751*((ABS(((12*($B32-$D$120:$D$1751+1)-$E$120:$E$1751+1)-$G$120:$G$1751))-ABS(((12*($B32-$D$120:$D$1751+1)-$E$120:$E$1751+1)-$G$120:$G$1751)-12))-(ABS(((12*($B32-$D$120:$D$1751+1)-$E$120:$E$1751+1)-$S$120:$S$1751))-ABS(((12*($B32-$D$120:$D$1751+1)-$E$120:$E$1751+1)-$S$120:$S$1751)-12)))/2)*$Z$20/12 -> 28838866 | N32: =M32*I32 -> 8.2152574e+10 | O32: =SUM(N$22:N32) -> 4.8866353e+11 | P32: =N32/$K32 -> 5.9314215e+10 | Q32: =SUM(P$22:P32) -> 3.8660205e+11 | R32: =IF($B32<$Z$18,$AA$14&"M / "&$Z$14&"H",ROUND($AA$14+INDEX($F$65:$F$108,$B32-2026)/12,1)&"M / "&ROUND($Z$14+INDEX($E$65:$E$108,$B32-2026)/12,1)&"H") -> 62M / 65H | S32: =SUMPRODUCT(($B$120:$B$1751="Com Transição")*$F$120:$F$1751*((ABS(((12*($B32-$D$120:$D$1751+1)-$E$120:$E$1751+1)-$G$120:$G$1751))-ABS(((12*($B32-$D$120:$D$1751+1)-$E$120:$E$1751+1)-$G$120:$G$1751)-12))-(ABS(((12*($B32-$D$120:$D$1751+1)-$E$120:$E$1751+1)-$S$120:$S$1751))-ABS(((12*($B32-$D$120:$D$1751+1)-$E$120:$E$1751+1)-$S$120:$S$1751)-12)))/2)*$Z$20/12 -> 28838866 | T32: =S32*I32 -> 8.2152574e+10 | U32: =SUM(T$22:T32) -> 3.7294328e+11 | V32: =T32/$K32 -> 5.9314215e+10 | W32: =SUM(V$22:V32) -> 2.8989633e+11
B33: 2038 | C33: =D33*E33 -> 224518.11 | D33: ='Transição 9 H e 13 M Anos'!D33 -> 1352846 | E33: =AVERAGE($E$15:$E$19) -> 0.16595984 | F33: =G33*H33 -> 260004.02 | G33: ='Transição 9 H e 13 M Anos'!G33 -> 1657822 | H33: =AVERAGE($H$15:$H$19) -> 0.1568347 | I33: ='Transição 9 H e 13 M Anos'!I33 -> 2980.8541 | J33: ='Transição 9 H e 13 M Anos'!J33 -> 0.03 | K33: =K32*(1+J33) -> 1.4265914 | L33: =IF($B33<$Z$18,$AA$14&"M / "&$Z$14&"H",$AA$15&"M / "&$Z$15&"H") -> 62M / 65H | M33: =SUMPRODUCT(($B$120:$B$1751="Sem Transição")*$F$120:$F$1751*((ABS(((12*($B33-$D$120:$D$1751+1)-$E$120:$E$1751+1)-$G$120:$G$1751))-ABS(((12*($B33-$D$120:$D$1751+1)-$E$120:$E$1751+1)-$G$120:$G$1751)-12))-(ABS(((12*($B33-$D$120:$D$1751+1)-$E$120:$E$1751+1)-$S$120:$S$1751))-ABS(((12*($B33-$D$120:$D$1751+1)-$E$120:$E$1751+1)-$S$120:$S$1751)-12)))/2)*$Z$20/12 -> 29562000 | N33: =M33*I33 -> 8.812001e+10 | O33: =SUM(N$22:N33) -> 5.7678354e+11 | P33: =N33/$K33 -> 6.176962e+10 | Q33: =SUM(P$22:P33) -> 4.4837167e+11 | R33: =IF($B33<$Z$18,$AA$14&"M / "&$Z$14&"H",ROUND($AA$14+INDEX($F$65:$F$108,$B33-2026)/12,1)&"M / "&ROUND($Z$14+INDEX($E$65:$E$108,$B33-2026)/12,1)&"H") -> 62M / 65H | S33: =SUMPRODUCT(($B$120:$B$1751="Com Transição")*$F$120:$F$1751*((ABS(((12*($B33-$D$120:$D$1751+1)-$E$120:$E$1751+1)-$G$120:$G$1751))-ABS(((12*($B33-$D$120:$D$1751+1)-$E$120:$E$1751+1)-$G$120:$G$1751)-12))-(ABS(((12*($B33-$D$120:$D$1751+1)-$E$120:$E$1751+1)-$S$120:$S$1751))-ABS(((12*($B33-$D$120:$D$1751+1)-$E$120:$E$1751+1)-$S$120:$S$1751)-12)))/2)*$Z$20/12 -> 29562000 | T33: =S33*I33 -> 8.812001e+10 | U33: =SUM(T$22:T33) -> 4.6106329e+11 | V33: =T33/$K33 -> 6.176962e+10 | W33: =SUM(V$22:V33) -> 3.5166595e+11
B34: 2039 | C34: =D34*E34 -> 231423.2 | D34: ='Transição 9 H e 13 M Anos'!D34 -> 1394453 | E34: =AVERAGE($E$15:$E$19) -> 0.16595984 | F34: =G34*H34 -> 260414.3 | G34: ='Transição 9 H e 13 M Anos'!G34 -> 1660438 | H34: =AVERAGE($H$15:$H$19) -> 0.1568347 | I34: ='Transição 9 H e 13 M Anos'!I34 -> 3117.9734 | J34: ='Transição 9 H e 13 M Anos'!J34 -> 0.03 | K34: =K33*(1+J34) -> 1.4693892 | L34: =IF($B34<$Z$18,$AA$14&"M / "&$Z$14&"H",$AA$15&"M / "&$Z$15&"H") -> 62M / 65H | M34: =SUMPRODUCT(($B$120:$B$1751="Sem Transição")*$F$120:$F$1751*((ABS(((12*($B34-$D$120:$D$1751+1)-$E$120:$E$1751+1)-$G$120:$G$1751))-ABS(((12*($B34-$D$120:$D$1751+1)-$E$120:$E$1751+1)-$G$120:$G$1751)-12))-(ABS(((12*($B34-$D$120:$D$1751+1)-$E$120:$E$1751+1)-$S$120:$S$1751))-ABS(((12*($B34-$D$120:$D$1751+1)-$E$120:$E$1751+1)-$S$120:$S$1751)-12)))/2)*$Z$20/12 -> 30262191 | N34: =M34*I34 -> 9.4356708e+10 | O34: =SUM(N$22:N34) -> 6.7114024e+11 | P34: =N34/$K34 -> 6.421492e+10 | Q34: =SUM(P$22:P34) -> 5.1258659e+11 | R34: =IF($B34<$Z$18,$AA$14&"M / "&$Z$14&"H",ROUND($AA$14+INDEX($F$65:$F$108,$B34-2026)/12,1)&"M / "&ROUND($Z$14+INDEX($E$65:$E$108,$B34-2026)/12,1)&"H") -> 62M / 65H | S34: =SUMPRODUCT(($B$120:$B$1751="Com Transição")*$F$120:$F$1751*((ABS(((12*($B34-$D$120:$D$1751+1)-$E$120:$E$1751+1)-$G$120:$G$1751))-ABS(((12*($B34-$D$120:$D$1751+1)-$E$120:$E$1751+1)-$G$120:$G$1751)-12))-(ABS(((12*($B34-$D$120:$D$1751+1)-$E$120:$E$1751+1)-$S$120:$S$1751))-ABS(((12*($B34-$D$120:$D$1751+1)-$E$120:$E$1751+1)-$S$120:$S$1751)-12)))/2)*$Z$20/12 -> 30262191 | T34: =S34*I34 -> 9.4356708e+10 | U34: =SUM(T$22:T34) -> 5.5542e+11 | V34: =T34/$K34 -> 6.421492e+10 | W34: =SUM(V$22:V34) -> 4.1588087e+11
... B55: 2060 | C55: =D55*E55 -> 243093.33 | D55: ='Transição 9 H e 13 M Anos'!D55 -> 1464772 | E55: =AVERAGE($E$15:$E$19) -> 0.16595984 | F55: =G55*H55 -> 225132.61 | G55: ='Transição 9 H e 13 M Anos'!G55 -> 1435477 | H55: =AVERAGE($H$15:$H$19) -> 0.1568347 | I55: ='Transição 9 H e 13 M Anos'!I55 -> 7299.2611 | J55: ='Transição 9 H e 13 M Anos'!J55 -> 0.03 | K55: =K54*(1+J55) -> 2.7334967 | L55: =IF($B55<$Z$18,$AA$14&"M / "&$Z$14&"H",$AA$15&"M / "&$Z$15&"H") -> 62M / 65H | M55: =SUMPRODUCT(($B$120:$B$1751="Sem Transição")*$F$120:$F$1751*((ABS(((12*($B55-$D$120:$D$1751+1)-$E$120:$E$1751+1)-$G$120:$G$1751))-ABS(((12*($B55-$D$120:$D$1751+1)-$E$120:$E$1751+1)-$G$120:$G$1751)-12))-(ABS(((12*($B55-$D$120:$D$1751+1)-$E$120:$E$1751+1)-$S$120:$S$1751))-ABS(((12*($B55-$D$120:$D$1751+1)-$E$120:$E$1751+1)-$S$120:$S$1751)-12)))/2)*$Z$20/12 -> 30995845 | N55: =M55*I55 -> 2.2624676e+11 | O55: =SUM(N$22:N55) -> 4.0326361e+12 | P55: =N55/$K55 -> 8.276826e+10 | Q55: =SUM(P$22:P55) -> 2.1230628e+12 | R55: =IF($B55<$Z$18,$AA$14&"M / "&$Z$14&"H",ROUND($AA$14+INDEX($F$65:$F$108,$B55-2026)/12,1)&"M / "&ROUND($Z$14+INDEX($E$65:$E$108,$B55-2026)/12,1)&"H") -> 62M / 65H | S55: =SUMPRODUCT(($B$120:$B$1751="Com Transição")*$F$120:$F$1751*((ABS(((12*($B55-$D$120:$D$1751+1)-$E$120:$E$1751+1)-$G$120:$G$1751))-ABS(((12*($B55-$D$120:$D$1751+1)-$E$120:$E$1751+1)-$G$120:$G$1751)-12))-(ABS(((12*($B55-$D$120:$D$1751+1)-$E$120:$E$1751+1)-$S$120:$S$1751))-ABS(((12*($B55-$D$120:$D$1751+1)-$E$120:$E$1751+1)-$S$120:$S$1751)-12)))/2)*$Z$20/12 -> 30995845 | T55: =S55*I55 -> 2.2624676e+11 | U55: =SUM(T$22:T55) -> 3.9169158e+12 | V55: =T55/$K55 -> 8.276826e+10 | W55: =SUM(V$22:V55) -> 2.0263571e+12
B56: Fonte: AEPS (Publicações de 2012, 2015, 2018, 2021 e 2024), PLDO 2027 - Anexo IV.10 - Projeções Atuariais RGPS, Projeções da População (Revisão 2024) do IBGE e base Concedidos (SUIBE/INSS) para a idade média efetiva. Valores em R$ nominais e em R$ de 2026 (reais).
B59: Memória de Cálculo das Colunas M e S — Tabelas Auxiliares (agrupadas: use o [+] à esquerda da linha para expandir)
B60: Esta seção calcula, por coorte, sexo, cenário e mês de entrada, o atraso da concessão com a regra proposta. A tabela de acréscimo exigido por ano alimenta a tabela por coorte e mês de entrada, que alimenta as colunas M e S da tabela principal.
B63: Tabela Auxiliar — Acréscimo Exigido na Idade Mínima por Ano (meses acima da idade mínima vigente)
B64: Ano | C64: Sem Transição — Homens (meses) | D64: Sem Transição — Mulheres (meses) | E64: Com Transição — Homens (meses) | F64: Com Transição — Mulheres (meses)
B65: 2027 | C65: =ROUND(12*($Z$15-$Z$14)*MIN(MAX($B65-$Z$18+1,0),1)/1,0) -> 60 | D65: =ROUND(12*($AA$15-$AA$14)*MIN(MAX($B65-$Z$18+1,0),1)/1,0) -> 84 | E65: =ROUND(12*($Z$15-$Z$14)*MIN(MAX($B65-$Z$18+1,0),$Z$19)/$Z$19,0) -> 6 | F65: =ROUND(12*($AA$15-$AA$14)*MIN(MAX($B65-$Z$18+1,0),$Z$19)/$Z$19,0) -> 8
B66: 2028 | C66: =ROUND(12*($Z$15-$Z$14)*MIN(MAX($B66-$Z$18+1,0),1)/1,0) -> 60 | D66: =ROUND(12*($AA$15-$AA$14)*MIN(MAX($B66-$Z$18+1,0),1)/1,0) -> 84 | E66: =ROUND(12*($Z$15-$Z$14)*MIN(MAX($B66-$Z$18+1,0),$Z$19)/$Z$19,0) -> 12 | F66: =ROUND(12*($AA$15-$AA$14)*MIN(MAX($B66-$Z$18+1,0),$Z$19)/$Z$19,0) -> 17
B67: 2029 | C67: =ROUND(12*($Z$15-$Z$14)*MIN(MAX($B67-$Z$18+1,0),1)/1,0) -> 60 | D67: =ROUND(12*($AA$15-$AA$14)*MIN(MAX($B67-$Z$18+1,0),1)/1,0) -> 84 | E67: =ROUND(12*($Z$15-$Z$14)*MIN(MAX($B67-$Z$18+1,0),$Z$19)/$Z$19,0) -> 18 | F67: =ROUND(12*($AA$15-$AA$14)*MIN(MAX($B67-$Z$18+1,0),$Z$19)/$Z$19,0) -> 25
B68: 2030 | C68: =ROUND(12*($Z$15-$Z$14)*MIN(MAX($B68-$Z$18+1,0),1)/1,0) -> 60 | D68: =ROUND(12*($AA$15-$AA$14)*MIN(MAX($B68-$Z$18+1,0),1)/1,0) -> 84 | E68: =ROUND(12*($Z$15-$Z$14)*MIN(MAX($B68-$Z$18+1,0),$Z$19)/$Z$19,0) -> 24 | F68: =ROUND(12*($AA$15-$AA$14)*MIN(MAX($B68-$Z$18+1,0),$Z$19)/$Z$19,0) -> 34
B69: 2031 | C69: =ROUND(12*($Z$15-$Z$14)*MIN(MAX($B69-$Z$18+1,0),1)/1,0) -> 60 | D69: =ROUND(12*($AA$15-$AA$14)*MIN(MAX($B69-$Z$18+1,0),1)/1,0) -> 84 | E69: =ROUND(12*($Z$15-$Z$14)*MIN(MAX($B69-$Z$18+1,0),$Z$19)/$Z$19,0) -> 30 | F69: =ROUND(12*($AA$15-$AA$14)*MIN(MAX($B69-$Z$18+1,0),$Z$19)/$Z$19,0) -> 42
B70: 2032 | C70: =ROUND(12*($Z$15-$Z$14)*MIN(MAX($B70-$Z$18+1,0),1)/1,0) -> 60 | D70: =ROUND(12*($AA$15-$AA$14)*MIN(MAX($B70-$Z$18+1,0),1)/1,0) -> 84 | E70: =ROUND(12*($Z$15-$Z$14)*MIN(MAX($B70-$Z$18+1,0),$Z$19)/$Z$19,0) -> 36 | F70: =ROUND(12*($AA$15-$AA$14)*MIN(MAX($B70-$Z$18+1,0),$Z$19)/$Z$19,0) -> 50
B71: 2033 | C71: =ROUND(12*($Z$15-$Z$14)*MIN(MAX($B71-$Z$18+1,0),1)/1,0) -> 60 | D71: =ROUND(12*($AA$15-$AA$14)*MIN(MAX($B71-$Z$18+1,0),1)/1,0) -> 84 | E71: =ROUND(12*($Z$15-$Z$14)*MIN(MAX($B71-$Z$18+1,0),$Z$19)/$Z$19,0) -> 42 | F71: =ROUND(12*($AA$15-$AA$14)*MIN(MAX($B71-$Z$18+1,0),$Z$19)/$Z$19,0) -> 59
B72: 2034 | C72: =ROUND(12*($Z$15-$Z$14)*MIN(MAX($B72-$Z$18+1,0),1)/1,0) -> 60 | D72: =ROUND(12*($AA$15-$AA$14)*MIN(MAX($B72-$Z$18+1,0),1)/1,0) -> 84 | E72: =ROUND(12*($Z$15-$Z$14)*MIN(MAX($B72-$Z$18+1,0),$Z$19)/$Z$19,0) -> 48 | F72: =ROUND(12*($AA$15-$AA$14)*MIN(MAX($B72-$Z$18+1,0),$Z$19)/$Z$19,0) -> 67
B73: 2035 | C73: =ROUND(12*($Z$15-$Z$14)*MIN(MAX($B73-$Z$18+1,0),1)/1,0) -> 60 | D73: =ROUND(12*($AA$15-$AA$14)*MIN(MAX($B73-$Z$18+1,0),1)/1,0) -> 84 | E73: =ROUND(12*($Z$15-$Z$14)*MIN(MAX($B73-$Z$18+1,0),$Z$19)/$Z$19,0) -> 54 | F73: =ROUND(12*($AA$15-$AA$14)*MIN(MAX($B73-$Z$18+1,0),$Z$19)/$Z$19,0) -> 76
B74: 2036 | C74: =ROUND(12*($Z$15-$Z$14)*MIN(MAX($B74-$Z$18+1,0),1)/1,0) -> 60 | D74: =ROUND(12*($AA$15-$AA$14)*MIN(MAX($B74-$Z$18+1,0),1)/1,0) -> 84 | E74: =ROUND(12*($Z$15-$Z$14)*MIN(MAX($B74-$Z$18+1,0),$Z$19)/$Z$19,0) -> 60 | F74: =ROUND(12*($AA$15-$AA$14)*MIN(MAX($B74-$Z$18+1,0),$Z$19)/$Z$19,0) -> 84
B75: 2037 | C75: =ROUND(12*($Z$15-$Z$14)*MIN(MAX($B75-$Z$18+1,0),1)/1,0) -> 60 | D75: =ROUND(12*($AA$15-$AA$14)*MIN(MAX($B75-$Z$18+1,0),1)/1,0) -> 84 | E75: =ROUND(12*($Z$15-$Z$14)*MIN(MAX($B75-$Z$18+1,0),$Z$19)/$Z$19,0) -> 60 | F75: =ROUND(12*($AA$15-$AA$14)*MIN(MAX($B75-$Z$18+1,0),$Z$19)/$Z$19,0) -> 84
B76: 2038 | C76: =ROUND(12*($Z$15-$Z$14)*MIN(MAX($B76-$Z$18+1,0),1)/1,0) -> 60 | D76: =ROUND(12*($AA$15-$AA$14)*MIN(MAX($B76-$Z$18+1,0),1)/1,0) -> 84 | E76: =ROUND(12*($Z$15-$Z$14)*MIN(MAX($B76-$Z$18+1,0),$Z$19)/$Z$19,0) -> 60 | F76: =ROUND(12*($AA$15-$AA$14)*MIN(MAX($B76-$Z$18+1,0),$Z$19)/$Z$19,0) -> 84
... B108: 2070 | C108: =ROUND(12*($Z$15-$Z$14)*MIN(MAX($B108-$Z$18+1,0),1)/1,0) -> 60 | D108: =ROUND(12*($AA$15-$AA$14)*MIN(MAX($B108-$Z$18+1,0),1)/1,0) -> 84 | E108: =ROUND(12*($Z$15-$Z$14)*MIN(MAX($B108-$Z$18+1,0),$Z$19)/$Z$19,0) -> 60 | F108: =ROUND(12*($AA$15-$AA$14)*MIN(MAX($B108-$Z$18+1,0),$Z$19)/$Z$19,0) -> 84
B109: Observação — O que esta tabela faz: calcula, para cada ano, quantos meses acima da idade mínima vigente (A₀) a regra proposta exige. Alimenta a tabela por coorte e mês de entrada, logo abaixo.
B110: Cada coluna = acréscimo exigido (em meses) no ano da linha, por sexo e cenário. Antes do início da vigência (Z18) o acréscimo é 0; a partir dele, sobe a cada janeiro até a diferença total entre a idade proposta e a vigente.
B111: Fórmula: ARRED[12 × (idade proposta − idade vigente) × MÍN(MÁX(ano − início + 1; 0); D) ÷ D; 0], com D = 1 ano sem transição (acréscimo integral desde o início) e D = duração da transição (Z19) com transição.
B112: Exemplo com Z19 = 10 (início em 2027): homens +6, +12, ..., +60 meses até 2036 (0,5 ano por ano, até 65 anos); mulheres +8, +17, +25, +34, +42, +50, +59, +67, +76 e +84 meses (8,4 meses por ano, arredondados, até 62 anos).
B113: A tabela vai até 2070 porque a tabela por coorte consulta o acréscimo até 9 anos depois da coorte de 2060.
B117: Tabela Auxiliar — Espera e Deslocamento da Concessão por Coorte, Sexo, Cenário e Mês de Entrada
B118: Cobertura de j | C118: =IF(MAX(MAX($C$65:$F$108),MAX($Z$17:$AA$17))<=97,"OK","Ampliar j") -> OK | I118: Deslocamento (meses) se a Concessão Ocorrer no Ano da Coorte + j
B119: Cenário | C119: Sexo | D119: Coorte | E119: Mês de Entrada | F119: Peso (Concessões ÷ 12) | G119: Atraso Δ (meses) | H119: Coluna da Tabela de Acréscimo | I119: 0 | J119: 1 | K119: 2 | L119: 3 | M119: 4 | N119: 5 | O119: 6 | P119: 7 | Q119: 8 | R119: 9 | S119: Deslocamento (meses)
B120: Sem Transição | C120: Homens | D120: 2027 | E120: 1 | F120: =IF($C120="Homens",INDEX($C$5:$C$55,MATCH($D120,$B$5:$B$55,0)),INDEX($F$5:$F$55,MATCH($D120,$B$5:$B$55,0)))/12 -> 15026.156 | G120: =IF($C120="Homens",$Z$17,$AA$17) -> 9 | H120: =1+2*($B120="Com Transição")+($C120="Mulheres") -> 1 | I120: =IF($D120<$Z$18,"",IF(MAX($G120,INDEX($C$65:$F$108,$D120+I$119-2026,$H120))<=12*I$119-$E120+12,MAX($G120,12*I$119-$E120+1,INDEX($C$65:$F$108,$D120+I$119-2026,$H120)),"")) | J120: =IF($D120<$Z$18,"",IF(MAX($G120,INDEX($C$65:$F$108,$D120+J$119-2026,$H120))<=12*J$119-$E120+12,MAX($G120,12*J$119-$E120+1,INDEX($C$65:$F$108,$D120+J$119-2026,$H120)),"")) | K120: =IF($D120<$Z$18,"",IF(MAX($G120,INDEX($C$65:$F$108,$D120+K$119-2026,$H120))<=12*K$119-$E120+12,MAX($G120,12*K$119-$E120+1,INDEX($C$65:$F$108,$D120+K$119-2026,$H120)),"")) | L120: =IF($D120<$Z$18,"",IF(MAX($G120,INDEX($C$65:$F$108,$D120+L$119-2026,$H120))<=12*L$119-$E120+12,MAX($G120,12*L$119-$E120+1,INDEX($C$65:$F$108,$D120+L$119-2026,$H120)),"")) | M120: =IF($D120<$Z$18,"",IF(MAX($G120,INDEX($C$65:$F$108,$D120+M$119-2026,$H120))<=12*M$119-$E120+12,MAX($G120,12*M$119-$E120+1,INDEX($C$65:$F$108,$D120+M$119-2026,$H120)),"")) | N120: =IF($D120<$Z$18,"",IF(MAX($G120,INDEX($C$65:$F$108,$D120+N$119-2026,$H120))<=12*N$119-$E120+12,MAX($G120,12*N$119-$E120+1,INDEX($C$65:$F$108,$D120+N$119-2026,$H120)),"")) -> 60 | O120: =IF($D120<$Z$18,"",IF(MAX($G120,INDEX($C$65:$F$108,$D120+O$119-2026,$H120))<=12*O$119-$E120+12,MAX($G120,12*O$119-$E120+1,INDEX($C$65:$F$108,$D120+O$119-2026,$H120)),"")) -> 72 | P120: =IF($D120<$Z$18,"",IF(MAX($G120,INDEX($C$65:$F$108,$D120+P$119-2026,$H120))<=12*P$119-$E120+12,MAX($G120,12*P$119-$E120+1,INDEX($C$65:$F$108,$D120+P$119-2026,$H120)),"")) -> 84 | ... R120: =IF($D120<$Z$18,"",IF(MAX($G120,INDEX($C$65:$F$108,$D120+R$119-2026,$H120))<=12*R$119-$E120+12,MAX($G120,12*R$119-$E120+1,INDEX($C$65:$F$108,$D120+R$119-2026,$H120)),"")) -> 108 | S120: =IF($D120<$Z$18,$G120,MIN(I120:R120)) -> 60
B121: Sem Transição | C121: Homens | D121: 2027 | E121: 2 | F121: =IF($C121="Homens",INDEX($C$5:$C$55,MATCH($D121,$B$5:$B$55,0)),INDEX($F$5:$F$55,MATCH($D121,$B$5:$B$55,0)))/12 -> 15026.156 | G121: =IF($C121="Homens",$Z$17,$AA$17) -> 9 | H121: =1+2*($B121="Com Transição")+($C121="Mulheres") -> 1 | I121: =IF($D121<$Z$18,"",IF(MAX($G121,INDEX($C$65:$F$108,$D121+I$119-2026,$H121))<=12*I$119-$E121+12,MAX($G121,12*I$119-$E121+1,INDEX($C$65:$F$108,$D121+I$119-2026,$H121)),"")) | J121: =IF($D121<$Z$18,"",IF(MAX($G121,INDEX($C$65:$F$108,$D121+J$119-2026,$H121))<=12*J$119-$E121+12,MAX($G121,12*J$119-$E121+1,INDEX($C$65:$F$108,$D121+J$119-2026,$H121)),"")) | K121: =IF($D121<$Z$18,"",IF(MAX($G121,INDEX($C$65:$F$108,$D121+K$119-2026,$H121))<=12*K$119-$E121+12,MAX($G121,12*K$119-$E121+1,INDEX($C$65:$F$108,$D121+K$119-2026,$H121)),"")) | L121: =IF($D121<$Z$18,"",IF(MAX($G121,INDEX($C$65:$F$108,$D121+L$119-2026,$H121))<=12*L$119-$E121+12,MAX($G121,12*L$119-$E121+1,INDEX($C$65:$F$108,$D121+L$119-2026,$H121)),"")) | M121: =IF($D121<$Z$18,"",IF(MAX($G121,INDEX($C$65:$F$108,$D121+M$119-2026,$H121))<=12*M$119-$E121+12,MAX($G121,12*M$119-$E121+1,INDEX($C$65:$F$108,$D121+M$119-2026,$H121)),"")) | N121: =IF($D121<$Z$18,"",IF(MAX($G121,INDEX($C$65:$F$108,$D121+N$119-2026,$H121))<=12*N$119-$E121+12,MAX($G121,12*N$119-$E121+1,INDEX($C$65:$F$108,$D121+N$119-2026,$H121)),"")) -> 60 | O121: =IF($D121<$Z$18,"",IF(MAX($G121,INDEX($C$65:$F$108,$D121+O$119-2026,$H121))<=12*O$119-$E121+12,MAX($G121,12*O$119-$E121+1,INDEX($C$65:$F$108,$D121+O$119-2026,$H121)),"")) -> 71 | P121: =IF($D121<$Z$18,"",IF(MAX($G121,INDEX($C$65:$F$108,$D121+P$119-2026,$H121))<=12*P$119-$E121+12,MAX($G121,12*P$119-$E121+1,INDEX($C$65:$F$108,$D121+P$119-2026,$H121)),"")) -> 83 | ... R121: =IF($D121<$Z$18,"",IF(MAX($G121,INDEX($C$65:$F$108,$D121+R$119-2026,$H121))<=12*R$119-$E121+12,MAX($G121,12*R$119-$E121+1,INDEX($C$65:$F$108,$D121+R$119-2026,$H121)),"")) -> 107 | S121: =IF($D121<$Z$18,$G121,MIN(I121:R121)) -> 60
B122: Sem Transição | C122: Homens | D122: 2027 | E122: 3 | F122: =IF($C122="Homens",INDEX($C$5:$C$55,MATCH($D122,$B$5:$B$55,0)),INDEX($F$5:$F$55,MATCH($D122,$B$5:$B$55,0)))/12 -> 15026.156 | G122: =IF($C122="Homens",$Z$17,$AA$17) -> 9 | H122: =1+2*($B122="Com Transição")+($C122="Mulheres") -> 1 | I122: =IF($D122<$Z$18,"",IF(MAX($G122,INDEX($C$65:$F$108,$D122+I$119-2026,$H122))<=12*I$119-$E122+12,MAX($G122,12*I$119-$E122+1,INDEX($C$65:$F$108,$D122+I$119-2026,$H122)),"")) | J122: =IF($D122<$Z$18,"",IF(MAX($G122,INDEX($C$65:$F$108,$D122+J$119-2026,$H122))<=12*J$119-$E122+12,MAX($G122,12*J$119-$E122+1,INDEX($C$65:$F$108,$D122+J$119-2026,$H122)),"")) | K122: =IF($D122<$Z$18,"",IF(MAX($G122,INDEX($C$65:$F$108,$D122+K$119-2026,$H122))<=12*K$119-$E122+12,MAX($G122,12*K$119-$E122+1,INDEX($C$65:$F$108,$D122+K$119-2026,$H122)),"")) | L122: =IF($D122<$Z$18,"",IF(MAX($G122,INDEX($C$65:$F$108,$D122+L$119-2026,$H122))<=12*L$119-$E122+12,MAX($G122,12*L$119-$E122+1,INDEX($C$65:$F$108,$D122+L$119-2026,$H122)),"")) | M122: =IF($D122<$Z$18,"",IF(MAX($G122,INDEX($C$65:$F$108,$D122+M$119-2026,$H122))<=12*M$119-$E122+12,MAX($G122,12*M$119-$E122+1,INDEX($C$65:$F$108,$D122+M$119-2026,$H122)),"")) | N122: =IF($D122<$Z$18,"",IF(MAX($G122,INDEX($C$65:$F$108,$D122+N$119-2026,$H122))<=12*N$119-$E122+12,MAX($G122,12*N$119-$E122+1,INDEX($C$65:$F$108,$D122+N$119-2026,$H122)),"")) -> 60 | O122: =IF($D122<$Z$18,"",IF(MAX($G122,INDEX($C$65:$F$108,$D122+O$119-2026,$H122))<=12*O$119-$E122+12,MAX($G122,12*O$119-$E122+1,INDEX($C$65:$F$108,$D122+O$119-2026,$H122)),"")) -> 70 | P122: =IF($D122<$Z$18,"",IF(MAX($G122,INDEX($C$65:$F$108,$D122+P$119-2026,$H122))<=12*P$119-$E122+12,MAX($G122,12*P$119-$E122+1,INDEX($C$65:$F$108,$D122+P$119-2026,$H122)),"")) -> 82 | ... R122: =IF($D122<$Z$18,"",IF(MAX($G122,INDEX($C$65:$F$108,$D122+R$119-2026,$H122))<=12*R$119-$E122+12,MAX($G122,12*R$119-$E122+1,INDEX($C$65:$F$108,$D122+R$119-2026,$H122)),"")) -> 106 | S122: =IF($D122<$Z$18,$G122,MIN(I122:R122)) -> 60
B123: Sem Transição | C123: Homens | D123: 2027 | E123: 4 | F123: =IF($C123="Homens",INDEX($C$5:$C$55,MATCH($D123,$B$5:$B$55,0)),INDEX($F$5:$F$55,MATCH($D123,$B$5:$B$55,0)))/12 -> 15026.156 | G123: =IF($C123="Homens",$Z$17,$AA$17) -> 9 | H123: =1+2*($B123="Com Transição")+($C123="Mulheres") -> 1 | I123: =IF($D123<$Z$18,"",IF(MAX($G123,INDEX($C$65:$F$108,$D123+I$119-2026,$H123))<=12*I$119-$E123+12,MAX($G123,12*I$119-$E123+1,INDEX($C$65:$F$108,$D123+I$119-2026,$H123)),"")) | J123: =IF($D123<$Z$18,"",IF(MAX($G123,INDEX($C$65:$F$108,$D123+J$119-2026,$H123))<=12*J$119-$E123+12,MAX($G123,12*J$119-$E123+1,INDEX($C$65:$F$108,$D123+J$119-2026,$H123)),"")) | K123: =IF($D123<$Z$18,"",IF(MAX($G123,INDEX($C$65:$F$108,$D123+K$119-2026,$H123))<=12*K$119-$E123+12,MAX($G123,12*K$119-$E123+1,INDEX($C$65:$F$108,$D123+K$119-2026,$H123)),"")) | L123: =IF($D123<$Z$18,"",IF(MAX($G123,INDEX($C$65:$F$108,$D123+L$119-2026,$H123))<=12*L$119-$E123+12,MAX($G123,12*L$119-$E123+1,INDEX($C$65:$F$108,$D123+L$119-2026,$H123)),"")) | M123: =IF($D123<$Z$18,"",IF(MAX($G123,INDEX($C$65:$F$108,$D123+M$119-2026,$H123))<=12*M$119-$E123+12,MAX($G123,12*M$119-$E123+1,INDEX($C$65:$F$108,$D123+M$119-2026,$H123)),"")) | N123: =IF($D123<$Z$18,"",IF(MAX($G123,INDEX($C$65:$F$108,$D123+N$119-2026,$H123))<=12*N$119-$E123+12,MAX($G123,12*N$119-$E123+1,INDEX($C$65:$F$108,$D123+N$119-2026,$H123)),"")) -> 60 | O123: =IF($D123<$Z$18,"",IF(MAX($G123,INDEX($C$65:$F$108,$D123+O$119-2026,$H123))<=12*O$119-$E123+12,MAX($G123,12*O$119-$E123+1,INDEX($C$65:$F$108,$D123+O$119-2026,$H123)),"")) -> 69 | P123: =IF($D123<$Z$18,"",IF(MAX($G123,INDEX($C$65:$F$108,$D123+P$119-2026,$H123))<=12*P$119-$E123+12,MAX($G123,12*P$119-$E123+1,INDEX($C$65:$F$108,$D123+P$119-2026,$H123)),"")) -> 81 | ... R123: =IF($D123<$Z$18,"",IF(MAX($G123,INDEX($C$65:$F$108,$D123+R$119-2026,$H123))<=12*R$119-$E123+12,MAX($G123,12*R$119-$E123+1,INDEX($C$65:$F$108,$D123+R$119-2026,$H123)),"")) -> 105 | S123: =IF($D123<$Z$18,$G123,MIN(I123:R123)) -> 60
B124: Sem Transição | C124: Homens | D124: 2027 | E124: 5 | F124: =IF($C124="Homens",INDEX($C$5:$C$55,MATCH($D124,$B$5:$B$55,0)),INDEX($F$5:$F$55,MATCH($D124,$B$5:$B$55,0)))/12 -> 15026.156 | G124: =IF($C124="Homens",$Z$17,$AA$17) -> 9 | H124: =1+2*($B124="Com Transição")+($C124="Mulheres") -> 1 | I124: =IF($D124<$Z$18,"",IF(MAX($G124,INDEX($C$65:$F$108,$D124+I$119-2026,$H124))<=12*I$119-$E124+12,MAX($G124,12*I$119-$E124+1,INDEX($C$65:$F$108,$D124+I$119-2026,$H124)),"")) | J124: =IF($D124<$Z$18,"",IF(MAX($G124,INDEX($C$65:$F$108,$D124+J$119-2026,$H124))<=12*J$119-$E124+12,MAX($G124,12*J$119-$E124+1,INDEX($C$65:$F$108,$D124+J$119-2026,$H124)),"")) | K124: =IF($D124<$Z$18,"",IF(MAX($G124,INDEX($C$65:$F$108,$D124+K$119-2026,$H124))<=12*K$119-$E124+12,MAX($G124,12*K$119-$E124+1,INDEX($C$65:$F$108,$D124+K$119-2026,$H124)),"")) | L124: =IF($D124<$Z$18,"",IF(MAX($G124,INDEX($C$65:$F$108,$D124+L$119-2026,$H124))<=12*L$119-$E124+12,MAX($G124,12*L$119-$E124+1,INDEX($C$65:$F$108,$D124+L$119-2026,$H124)),"")) | M124: =IF($D124<$Z$18,"",IF(MAX($G124,INDEX($C$65:$F$108,$D124+M$119-2026,$H124))<=12*M$119-$E124+12,MAX($G124,12*M$119-$E124+1,INDEX($C$65:$F$108,$D124+M$119-2026,$H124)),"")) | N124: =IF($D124<$Z$18,"",IF(MAX($G124,INDEX($C$65:$F$108,$D124+N$119-2026,$H124))<=12*N$119-$E124+12,MAX($G124,12*N$119-$E124+1,INDEX($C$65:$F$108,$D124+N$119-2026,$H124)),"")) -> 60 | O124: =IF($D124<$Z$18,"",IF(MAX($G124,INDEX($C$65:$F$108,$D124+O$119-2026,$H124))<=12*O$119-$E124+12,MAX($G124,12*O$119-$E124+1,INDEX($C$65:$F$108,$D124+O$119-2026,$H124)),"")) -> 68 | P124: =IF($D124<$Z$18,"",IF(MAX($G124,INDEX($C$65:$F$108,$D124+P$119-2026,$H124))<=12*P$119-$E124+12,MAX($G124,12*P$119-$E124+1,INDEX($C$65:$F$108,$D124+P$119-2026,$H124)),"")) -> 80 | ... R124: =IF($D124<$Z$18,"",IF(MAX($G124,INDEX($C$65:$F$108,$D124+R$119-2026,$H124))<=12*R$119-$E124+12,MAX($G124,12*R$119-$E124+1,INDEX($C$65:$F$108,$D124+R$119-2026,$H124)),"")) -> 104 | S124: =IF($D124<$Z$18,$G124,MIN(I124:R124)) -> 60
B125: Sem Transição | C125: Homens | D125: 2027 | E125: 6 | F125: =IF($C125="Homens",INDEX($C$5:$C$55,MATCH($D125,$B$5:$B$55,0)),INDEX($F$5:$F$55,MATCH($D125,$B$5:$B$55,0)))/12 -> 15026.156 | G125: =IF($C125="Homens",$Z$17,$AA$17) -> 9 | H125: =1+2*($B125="Com Transição")+($C125="Mulheres") -> 1 | I125: =IF($D125<$Z$18,"",IF(MAX($G125,INDEX($C$65:$F$108,$D125+I$119-2026,$H125))<=12*I$119-$E125+12,MAX($G125,12*I$119-$E125+1,INDEX($C$65:$F$108,$D125+I$119-2026,$H125)),"")) | J125: =IF($D125<$Z$18,"",IF(MAX($G125,INDEX($C$65:$F$108,$D125+J$119-2026,$H125))<=12*J$119-$E125+12,MAX($G125,12*J$119-$E125+1,INDEX($C$65:$F$108,$D125+J$119-2026,$H125)),"")) | K125: =IF($D125<$Z$18,"",IF(MAX($G125,INDEX($C$65:$F$108,$D125+K$119-2026,$H125))<=12*K$119-$E125+12,MAX($G125,12*K$119-$E125+1,INDEX($C$65:$F$108,$D125+K$119-2026,$H125)),"")) | L125: =IF($D125<$Z$18,"",IF(MAX($G125,INDEX($C$65:$F$108,$D125+L$119-2026,$H125))<=12*L$119-$E125+12,MAX($G125,12*L$119-$E125+1,INDEX($C$65:$F$108,$D125+L$119-2026,$H125)),"")) | M125: =IF($D125<$Z$18,"",IF(MAX($G125,INDEX($C$65:$F$108,$D125+M$119-2026,$H125))<=12*M$119-$E125+12,MAX($G125,12*M$119-$E125+1,INDEX($C$65:$F$108,$D125+M$119-2026,$H125)),"")) | N125: =IF($D125<$Z$18,"",IF(MAX($G125,INDEX($C$65:$F$108,$D125+N$119-2026,$H125))<=12*N$119-$E125+12,MAX($G125,12*N$119-$E125+1,INDEX($C$65:$F$108,$D125+N$119-2026,$H125)),"")) -> 60 | O125: =IF($D125<$Z$18,"",IF(MAX($G125,INDEX($C$65:$F$108,$D125+O$119-2026,$H125))<=12*O$119-$E125+12,MAX($G125,12*O$119-$E125+1,INDEX($C$65:$F$108,$D125+O$119-2026,$H125)),"")) -> 67 | P125: =IF($D125<$Z$18,"",IF(MAX($G125,INDEX($C$65:$F$108,$D125+P$119-2026,$H125))<=12*P$119-$E125+12,MAX($G125,12*P$119-$E125+1,INDEX($C$65:$F$108,$D125+P$119-2026,$H125)),"")) -> 79 | ... R125: =IF($D125<$Z$18,"",IF(MAX($G125,INDEX($C$65:$F$108,$D125+R$119-2026,$H125))<=12*R$119-$E125+12,MAX($G125,12*R$119-$E125+1,INDEX($C$65:$F$108,$D125+R$119-2026,$H125)),"")) -> 103 | S125: =IF($D125<$Z$18,$G125,MIN(I125:R125)) -> 60
B126: Sem Transição | C126: Homens | D126: 2027 | E126: 7 | F126: =IF($C126="Homens",INDEX($C$5:$C$55,MATCH($D126,$B$5:$B$55,0)),INDEX($F$5:$F$55,MATCH($D126,$B$5:$B$55,0)))/12 -> 15026.156 | G126: =IF($C126="Homens",$Z$17,$AA$17) -> 9 | H126: =1+2*($B126="Com Transição")+($C126="Mulheres") -> 1 | I126: =IF($D126<$Z$18,"",IF(MAX($G126,INDEX($C$65:$F$108,$D126+I$119-2026,$H126))<=12*I$119-$E126+12,MAX($G126,12*I$119-$E126+1,INDEX($C$65:$F$108,$D126+I$119-2026,$H126)),"")) | J126: =IF($D126<$Z$18,"",IF(MAX($G126,INDEX($C$65:$F$108,$D126+J$119-2026,$H126))<=12*J$119-$E126+12,MAX($G126,12*J$119-$E126+1,INDEX($C$65:$F$108,$D126+J$119-2026,$H126)),"")) | K126: =IF($D126<$Z$18,"",IF(MAX($G126,INDEX($C$65:$F$108,$D126+K$119-2026,$H126))<=12*K$119-$E126+12,MAX($G126,12*K$119-$E126+1,INDEX($C$65:$F$108,$D126+K$119-2026,$H126)),"")) | L126: =IF($D126<$Z$18,"",IF(MAX($G126,INDEX($C$65:$F$108,$D126+L$119-2026,$H126))<=12*L$119-$E126+12,MAX($G126,12*L$119-$E126+1,INDEX($C$65:$F$108,$D126+L$119-2026,$H126)),"")) | M126: =IF($D126<$Z$18,"",IF(MAX($G126,INDEX($C$65:$F$108,$D126+M$119-2026,$H126))<=12*M$119-$E126+12,MAX($G126,12*M$119-$E126+1,INDEX($C$65:$F$108,$D126+M$119-2026,$H126)),"")) | N126: =IF($D126<$Z$18,"",IF(MAX($G126,INDEX($C$65:$F$108,$D126+N$119-2026,$H126))<=12*N$119-$E126+12,MAX($G126,12*N$119-$E126+1,INDEX($C$65:$F$108,$D126+N$119-2026,$H126)),"")) -> 60 | O126: =IF($D126<$Z$18,"",IF(MAX($G126,INDEX($C$65:$F$108,$D126+O$119-2026,$H126))<=12*O$119-$E126+12,MAX($G126,12*O$119-$E126+1,INDEX($C$65:$F$108,$D126+O$119-2026,$H126)),"")) -> 66 | P126: =IF($D126<$Z$18,"",IF(MAX($G126,INDEX($C$65:$F$108,$D126+P$119-2026,$H126))<=12*P$119-$E126+12,MAX($G126,12*P$119-$E126+1,INDEX($C$65:$F$108,$D126+P$119-2026,$H126)),"")) -> 78 | ... R126: =IF($D126<$Z$18,"",IF(MAX($G126,INDEX($C$65:$F$108,$D126+R$119-2026,$H126))<=12*R$119-$E126+12,MAX($G126,12*R$119-$E126+1,INDEX($C$65:$F$108,$D126+R$119-2026,$H126)),"")) -> 102 | S126: =IF($D126<$Z$18,$G126,MIN(I126:R126)) -> 60
B127: Sem Transição | C127: Homens | D127: 2027 | E127: 8 | F127: =IF($C127="Homens",INDEX($C$5:$C$55,MATCH($D127,$B$5:$B$55,0)),INDEX($F$5:$F$55,MATCH($D127,$B$5:$B$55,0)))/12 -> 15026.156 | G127: =IF($C127="Homens",$Z$17,$AA$17) -> 9 | H127: =1+2*($B127="Com Transição")+($C127="Mulheres") -> 1 | I127: =IF($D127<$Z$18,"",IF(MAX($G127,INDEX($C$65:$F$108,$D127+I$119-2026,$H127))<=12*I$119-$E127+12,MAX($G127,12*I$119-$E127+1,INDEX($C$65:$F$108,$D127+I$119-2026,$H127)),"")) | J127: =IF($D127<$Z$18,"",IF(MAX($G127,INDEX($C$65:$F$108,$D127+J$119-2026,$H127))<=12*J$119-$E127+12,MAX($G127,12*J$119-$E127+1,INDEX($C$65:$F$108,$D127+J$119-2026,$H127)),"")) | K127: =IF($D127<$Z$18,"",IF(MAX($G127,INDEX($C$65:$F$108,$D127+K$119-2026,$H127))<=12*K$119-$E127+12,MAX($G127,12*K$119-$E127+1,INDEX($C$65:$F$108,$D127+K$119-2026,$H127)),"")) | L127: =IF($D127<$Z$18,"",IF(MAX($G127,INDEX($C$65:$F$108,$D127+L$119-2026,$H127))<=12*L$119-$E127+12,MAX($G127,12*L$119-$E127+1,INDEX($C$65:$F$108,$D127+L$119-2026,$H127)),"")) | M127: =IF($D127<$Z$18,"",IF(MAX($G127,INDEX($C$65:$F$108,$D127+M$119-2026,$H127))<=12*M$119-$E127+12,MAX($G127,12*M$119-$E127+1,INDEX($C$65:$F$108,$D127+M$119-2026,$H127)),"")) | N127: =IF($D127<$Z$18,"",IF(MAX($G127,INDEX($C$65:$F$108,$D127+N$119-2026,$H127))<=12*N$119-$E127+12,MAX($G127,12*N$119-$E127+1,INDEX($C$65:$F$108,$D127+N$119-2026,$H127)),"")) -> 60 | O127: =IF($D127<$Z$18,"",IF(MAX($G127,INDEX($C$65:$F$108,$D127+O$119-2026,$H127))<=12*O$119-$E127+12,MAX($G127,12*O$119-$E127+1,INDEX($C$65:$F$108,$D127+O$119-2026,$H127)),"")) -> 65 | P127: =IF($D127<$Z$18,"",IF(MAX($G127,INDEX($C$65:$F$108,$D127+P$119-2026,$H127))<=12*P$119-$E127+12,MAX($G127,12*P$119-$E127+1,INDEX($C$65:$F$108,$D127+P$119-2026,$H127)),"")) -> 77 | ... R127: =IF($D127<$Z$18,"",IF(MAX($G127,INDEX($C$65:$F$108,$D127+R$119-2026,$H127))<=12*R$119-$E127+12,MAX($G127,12*R$119-$E127+1,INDEX($C$65:$F$108,$D127+R$119-2026,$H127)),"")) -> 101 | S127: =IF($D127<$Z$18,$G127,MIN(I127:R127)) -> 60
B128: Sem Transição | C128: Homens | D128: 2027 | E128: 9 | F128: =IF($C128="Homens",INDEX($C$5:$C$55,MATCH($D128,$B$5:$B$55,0)),INDEX($F$5:$F$55,MATCH($D128,$B$5:$B$55,0)))/12 -> 15026.156 | G128: =IF($C128="Homens",$Z$17,$AA$17) -> 9 | H128: =1+2*($B128="Com Transição")+($C128="Mulheres") -> 1 | I128: =IF($D128<$Z$18,"",IF(MAX($G128,INDEX($C$65:$F$108,$D128+I$119-2026,$H128))<=12*I$119-$E128+12,MAX($G128,12*I$119-$E128+1,INDEX($C$65:$F$108,$D128+I$119-2026,$H128)),"")) | J128: =IF($D128<$Z$18,"",IF(MAX($G128,INDEX($C$65:$F$108,$D128+J$119-2026,$H128))<=12*J$119-$E128+12,MAX($G128,12*J$119-$E128+1,INDEX($C$65:$F$108,$D128+J$119-2026,$H128)),"")) | K128: =IF($D128<$Z$18,"",IF(MAX($G128,INDEX($C$65:$F$108,$D128+K$119-2026,$H128))<=12*K$119-$E128+12,MAX($G128,12*K$119-$E128+1,INDEX($C$65:$F$108,$D128+K$119-2026,$H128)),"")) | L128: =IF($D128<$Z$18,"",IF(MAX($G128,INDEX($C$65:$F$108,$D128+L$119-2026,$H128))<=12*L$119-$E128+12,MAX($G128,12*L$119-$E128+1,INDEX($C$65:$F$108,$D128+L$119-2026,$H128)),"")) | M128: =IF($D128<$Z$18,"",IF(MAX($G128,INDEX($C$65:$F$108,$D128+M$119-2026,$H128))<=12*M$119-$E128+12,MAX($G128,12*M$119-$E128+1,INDEX($C$65:$F$108,$D128+M$119-2026,$H128)),"")) | N128: =IF($D128<$Z$18,"",IF(MAX($G128,INDEX($C$65:$F$108,$D128+N$119-2026,$H128))<=12*N$119-$E128+12,MAX($G128,12*N$119-$E128+1,INDEX($C$65:$F$108,$D128+N$119-2026,$H128)),"")) -> 60 | O128: =IF($D128<$Z$18,"",IF(MAX($G128,INDEX($C$65:$F$108,$D128+O$119-2026,$H128))<=12*O$119-$E128+12,MAX($G128,12*O$119-$E128+1,INDEX($C$65:$F$108,$D128+O$119-2026,$H128)),"")) -> 64 | P128: =IF($D128<$Z$18,"",IF(MAX($G128,INDEX($C$65:$F$108,$D128+P$119-2026,$H128))<=12*P$119-$E128+12,MAX($G128,12*P$119-$E128+1,INDEX($C$65:$F$108,$D128+P$119-2026,$H128)),"")) -> 76 | ... R128: =IF($D128<$Z$18,"",IF(MAX($G128,INDEX($C$65:$F$108,$D128+R$119-2026,$H128))<=12*R$119-$E128+12,MAX($G128,12*R$119-$E128+1,INDEX($C$65:$F$108,$D128+R$119-2026,$H128)),"")) -> 100 | S128: =IF($D128<$Z$18,$G128,MIN(I128:R128)) -> 60
B129: Sem Transição | C129: Homens | D129: 2027 | E129: 10 | F129: =IF($C129="Homens",INDEX($C$5:$C$55,MATCH($D129,$B$5:$B$55,0)),INDEX($F$5:$F$55,MATCH($D129,$B$5:$B$55,0)))/12 -> 15026.156 | G129: =IF($C129="Homens",$Z$17,$AA$17) -> 9 | H129: =1+2*($B129="Com Transição")+($C129="Mulheres") -> 1 | I129: =IF($D129<$Z$18,"",IF(MAX($G129,INDEX($C$65:$F$108,$D129+I$119-2026,$H129))<=12*I$119-$E129+12,MAX($G129,12*I$119-$E129+1,INDEX($C$65:$F$108,$D129+I$119-2026,$H129)),"")) | J129: =IF($D129<$Z$18,"",IF(MAX($G129,INDEX($C$65:$F$108,$D129+J$119-2026,$H129))<=12*J$119-$E129+12,MAX($G129,12*J$119-$E129+1,INDEX($C$65:$F$108,$D129+J$119-2026,$H129)),"")) | K129: =IF($D129<$Z$18,"",IF(MAX($G129,INDEX($C$65:$F$108,$D129+K$119-2026,$H129))<=12*K$119-$E129+12,MAX($G129,12*K$119-$E129+1,INDEX($C$65:$F$108,$D129+K$119-2026,$H129)),"")) | L129: =IF($D129<$Z$18,"",IF(MAX($G129,INDEX($C$65:$F$108,$D129+L$119-2026,$H129))<=12*L$119-$E129+12,MAX($G129,12*L$119-$E129+1,INDEX($C$65:$F$108,$D129+L$119-2026,$H129)),"")) | M129: =IF($D129<$Z$18,"",IF(MAX($G129,INDEX($C$65:$F$108,$D129+M$119-2026,$H129))<=12*M$119-$E129+12,MAX($G129,12*M$119-$E129+1,INDEX($C$65:$F$108,$D129+M$119-2026,$H129)),"")) | N129: =IF($D129<$Z$18,"",IF(MAX($G129,INDEX($C$65:$F$108,$D129+N$119-2026,$H129))<=12*N$119-$E129+12,MAX($G129,12*N$119-$E129+1,INDEX($C$65:$F$108,$D129+N$119-2026,$H129)),"")) -> 60 | O129: =IF($D129<$Z$18,"",IF(MAX($G129,INDEX($C$65:$F$108,$D129+O$119-2026,$H129))<=12*O$119-$E129+12,MAX($G129,12*O$119-$E129+1,INDEX($C$65:$F$108,$D129+O$119-2026,$H129)),"")) -> 63 | P129: =IF($D129<$Z$18,"",IF(MAX($G129,INDEX($C$65:$F$108,$D129+P$119-2026,$H129))<=12*P$119-$E129+12,MAX($G129,12*P$119-$E129+1,INDEX($C$65:$F$108,$D129+P$119-2026,$H129)),"")) -> 75 | ... R129: =IF($D129<$Z$18,"",IF(MAX($G129,INDEX($C$65:$F$108,$D129+R$119-2026,$H129))<=12*R$119-$E129+12,MAX($G129,12*R$119-$E129+1,INDEX($C$65:$F$108,$D129+R$119-2026,$H129)),"")) -> 99 | S129: =IF($D129<$Z$18,$G129,MIN(I129:R129)) -> 60
B130: Sem Transição | C130: Homens | D130: 2027 | E130: 11 | F130: =IF($C130="Homens",INDEX($C$5:$C$55,MATCH($D130,$B$5:$B$55,0)),INDEX($F$5:$F$55,MATCH($D130,$B$5:$B$55,0)))/12 -> 15026.156 | G130: =IF($C130="Homens",$Z$17,$AA$17) -> 9 | H130: =1+2*($B130="Com Transição")+($C130="Mulheres") -> 1 | I130: =IF($D130<$Z$18,"",IF(MAX($G130,INDEX($C$65:$F$108,$D130+I$119-2026,$H130))<=12*I$119-$E130+12,MAX($G130,12*I$119-$E130+1,INDEX($C$65:$F$108,$D130+I$119-2026,$H130)),"")) | J130: =IF($D130<$Z$18,"",IF(MAX($G130,INDEX($C$65:$F$108,$D130+J$119-2026,$H130))<=12*J$119-$E130+12,MAX($G130,12*J$119-$E130+1,INDEX($C$65:$F$108,$D130+J$119-2026,$H130)),"")) | K130: =IF($D130<$Z$18,"",IF(MAX($G130,INDEX($C$65:$F$108,$D130+K$119-2026,$H130))<=12*K$119-$E130+12,MAX($G130,12*K$119-$E130+1,INDEX($C$65:$F$108,$D130+K$119-2026,$H130)),"")) | L130: =IF($D130<$Z$18,"",IF(MAX($G130,INDEX($C$65:$F$108,$D130+L$119-2026,$H130))<=12*L$119-$E130+12,MAX($G130,12*L$119-$E130+1,INDEX($C$65:$F$108,$D130+L$119-2026,$H130)),"")) | M130: =IF($D130<$Z$18,"",IF(MAX($G130,INDEX($C$65:$F$108,$D130+M$119-2026,$H130))<=12*M$119-$E130+12,MAX($G130,12*M$119-$E130+1,INDEX($C$65:$F$108,$D130+M$119-2026,$H130)),"")) | N130: =IF($D130<$Z$18,"",IF(MAX($G130,INDEX($C$65:$F$108,$D130+N$119-2026,$H130))<=12*N$119-$E130+12,MAX($G130,12*N$119-$E130+1,INDEX($C$65:$F$108,$D130+N$119-2026,$H130)),"")) -> 60 | O130: =IF($D130<$Z$18,"",IF(MAX($G130,INDEX($C$65:$F$108,$D130+O$119-2026,$H130))<=12*O$119-$E130+12,MAX($G130,12*O$119-$E130+1,INDEX($C$65:$F$108,$D130+O$119-2026,$H130)),"")) -> 62 | P130: =IF($D130<$Z$18,"",IF(MAX($G130,INDEX($C$65:$F$108,$D130+P$119-2026,$H130))<=12*P$119-$E130+12,MAX($G130,12*P$119-$E130+1,INDEX($C$65:$F$108,$D130+P$119-2026,$H130)),"")) -> 74 | ... R130: =IF($D130<$Z$18,"",IF(MAX($G130,INDEX($C$65:$F$108,$D130+R$119-2026,$H130))<=12*R$119-$E130+12,MAX($G130,12*R$119-$E130+1,INDEX($C$65:$F$108,$D130+R$119-2026,$H130)),"")) -> 98 | S130: =IF($D130<$Z$18,$G130,MIN(I130:R130)) -> 60
B131: Sem Transição | C131: Homens | D131: 2027 | E131: 12 | F131: =IF($C131="Homens",INDEX($C$5:$C$55,MATCH($D131,$B$5:$B$55,0)),INDEX($F$5:$F$55,MATCH($D131,$B$5:$B$55,0)))/12 -> 15026.156 | G131: =IF($C131="Homens",$Z$17,$AA$17) -> 9 | H131: =1+2*($B131="Com Transição")+($C131="Mulheres") -> 1 | I131: =IF($D131<$Z$18,"",IF(MAX($G131,INDEX($C$65:$F$108,$D131+I$119-2026,$H131))<=12*I$119-$E131+12,MAX($G131,12*I$119-$E131+1,INDEX($C$65:$F$108,$D131+I$119-2026,$H131)),"")) | J131: =IF($D131<$Z$18,"",IF(MAX($G131,INDEX($C$65:$F$108,$D131+J$119-2026,$H131))<=12*J$119-$E131+12,MAX($G131,12*J$119-$E131+1,INDEX($C$65:$F$108,$D131+J$119-2026,$H131)),"")) | K131: =IF($D131<$Z$18,"",IF(MAX($G131,INDEX($C$65:$F$108,$D131+K$119-2026,$H131))<=12*K$119-$E131+12,MAX($G131,12*K$119-$E131+1,INDEX($C$65:$F$108,$D131+K$119-2026,$H131)),"")) | L131: =IF($D131<$Z$18,"",IF(MAX($G131,INDEX($C$65:$F$108,$D131+L$119-2026,$H131))<=12*L$119-$E131+12,MAX($G131,12*L$119-$E131+1,INDEX($C$65:$F$108,$D131+L$119-2026,$H131)),"")) | M131: =IF($D131<$Z$18,"",IF(MAX($G131,INDEX($C$65:$F$108,$D131+M$119-2026,$H131))<=12*M$119-$E131+12,MAX($G131,12*M$119-$E131+1,INDEX($C$65:$F$108,$D131+M$119-2026,$H131)),"")) | N131: =IF($D131<$Z$18,"",IF(MAX($G131,INDEX($C$65:$F$108,$D131+N$119-2026,$H131))<=12*N$119-$E131+12,MAX($G131,12*N$119-$E131+1,INDEX($C$65:$F$108,$D131+N$119-2026,$H131)),"")) -> 60 | O131: =IF($D131<$Z$18,"",IF(MAX($G131,INDEX($C$65:$F$108,$D131+O$119-2026,$H131))<=12*O$119-$E131+12,MAX($G131,12*O$119-$E131+1,INDEX($C$65:$F$108,$D131+O$119-2026,$H131)),"")) -> 61 | P131: =IF($D131<$Z$18,"",IF(MAX($G131,INDEX($C$65:$F$108,$D131+P$119-2026,$H131))<=12*P$119-$E131+12,MAX($G131,12*P$119-$E131+1,INDEX($C$65:$F$108,$D131+P$119-2026,$H131)),"")) -> 73 | ... R131: =IF($D131<$Z$18,"",IF(MAX($G131,INDEX($C$65:$F$108,$D131+R$119-2026,$H131))<=12*R$119-$E131+12,MAX($G131,12*R$119-$E131+1,INDEX($C$65:$F$108,$D131+R$119-2026,$H131)),"")) -> 97 | S131: =IF($D131<$Z$18,$G131,MIN(I131:R131)) -> 60
... B1751: Com Transição | C1751: Mulheres | D1751: 2060 | E1751: 12 | F1751: =IF($C1751="Homens",INDEX($C$5:$C$55,MATCH($D1751,$B$5:$B$55,0)),INDEX($F$5:$F$55,MATCH($D1751,$B$5:$B$55,0)))/12 -> 18761.051 | G1751: =IF($C1751="Homens",$Z$17,$AA$17) -> 16 | H1751: =1+2*($B1751="Com Transição")+($C1751="Mulheres") -> 4 | I1751: =IF($D1751<$Z$18,"",IF(MAX($G1751,INDEX($C$65:$F$108,$D1751+I$119-2026,$H1751))<=12*I$119-$E1751+12,MAX($G1751,12*I$119-$E1751+1,INDEX($C$65:$F$108,$D1751+I$119-2026,$H1751)),"")) | J1751: =IF($D1751<$Z$18,"",IF(MAX($G1751,INDEX($C$65:$F$108,$D1751+J$119-2026,$H1751))<=12*J$119-$E1751+12,MAX($G1751,12*J$119-$E1751+1,INDEX($C$65:$F$108,$D1751+J$119-2026,$H1751)),"")) | K1751: =IF($D1751<$Z$18,"",IF(MAX($G1751,INDEX($C$65:$F$108,$D1751+K$119-2026,$H1751))<=12*K$119-$E1751+12,MAX($G1751,12*K$119-$E1751+1,INDEX($C$65:$F$108,$D1751+K$119-2026,$H1751)),"")) | L1751: =IF($D1751<$Z$18,"",IF(MAX($G1751,INDEX($C$65:$F$108,$D1751+L$119-2026,$H1751))<=12*L$119-$E1751+12,MAX($G1751,12*L$119-$E1751+1,INDEX($C$65:$F$108,$D1751+L$119-2026,$H1751)),"")) | M1751: =IF($D1751<$Z$18,"",IF(MAX($G1751,INDEX($C$65:$F$108,$D1751+M$119-2026,$H1751))<=12*M$119-$E1751+12,MAX($G1751,12*M$119-$E1751+1,INDEX($C$65:$F$108,$D1751+M$119-2026,$H1751)),"")) | N1751: =IF($D1751<$Z$18,"",IF(MAX($G1751,INDEX($C$65:$F$108,$D1751+N$119-2026,$H1751))<=12*N$119-$E1751+12,MAX($G1751,12*N$119-$E1751+1,INDEX($C$65:$F$108,$D1751+N$119-2026,$H1751)),"")) | O1751: =IF($D1751<$Z$18,"",IF(MAX($G1751,INDEX($C$65:$F$108,$D1751+O$119-2026,$H1751))<=12*O$119-$E1751+12,MAX($G1751,12*O$119-$E1751+1,INDEX($C$65:$F$108,$D1751+O$119-2026,$H1751)),"")) | P1751: =IF($D1751<$Z$18,"",IF(MAX($G1751,INDEX($C$65:$F$108,$D1751+P$119-2026,$H1751))<=12*P$119-$E1751+12,MAX($G1751,12*P$119-$E1751+1,INDEX($C$65:$F$108,$D1751+P$119-2026,$H1751)),"")) -> 84 | ... R1751: =IF($D1751<$Z$18,"",IF(MAX($G1751,INDEX($C$65:$F$108,$D1751+R$119-2026,$H1751))<=12*R$119-$E1751+12,MAX($G1751,12*R$119-$E1751+1,INDEX($C$65:$F$108,$D1751+R$119-2026,$H1751)),"")) -> 97 | S1751: =IF($D1751<$Z$18,$G1751,MIN(I1751:R1751)) -> 84
B1752: Observação — O que esta tabela faz: determina, para cada coorte, sexo, cenário e mês de entrada, quantos meses depois de atingir a idade mínima vigente o segurado é concedido na regra proposta (deslocamento). Alimenta as colunas M e S da tabela principal.
B1753: Coorte (D) = ano em que o segurado atinge a idade mínima vigente; Mês de Entrada (E) = mês em que a atinge (1 = janeiro). Os 12 meses têm o mesmo peso (premissa 4): Peso (F) = fluxo de concessões da coorte (coluna C da tabela principal, homens; coluna F, mulheres) ÷ 12.
B1754: Atraso Δ (G) = atraso da concessão na regra vigente em relação à idade mínima vigente (Z17/AA17). Coluna da Tabela de Acréscimo (H) = posição do sexo e cenário na tabela de acréscimo (1 a 4: sem transição, homens e mulheres; com transição, homens e mulheres).
B1755: Colunas j (I a R): como a idade exigida muda a cada janeiro, a concessão pode ocorrer no ano da coorte (j = 0), no seguinte (j = 1) etc. Cada coluna traz o deslocamento, em meses, se a concessão ocorrer no ano j: o maior entre Δ, o início desse ano e o acréscimo exigido nele; fica vazia se esse valor ultrapassar dezembro do ano j.
B1756: Deslocamento (S) = menor valor das colunas j: primeiro momento em que o segurado, com pelo menos Δ meses de atraso, cumpre a idade exigida no ano da concessão (premissa 7). Coortes anteriores ao início da vigência preservam o direito adquirido (premissa 8): deslocamento = Δ.
B1757: Como a idade exigida continua subindo enquanto o segurado envelhece, o deslocamento costuma superar o acréscimo vigente na entrada; por isso o cálculo é feito por mês de entrada, e não apenas por coorte anual.
B1758: Colunas M e S da tabela principal: para cada ano Y, soma-se, sobre as linhas do cenário, Peso × Z20 ÷ 12 × (meses recebidos no ano com a regra vigente − meses recebidos com a regra proposta), com meses recebidos no ano Y = MÍN(MÁX(12 × (Y − coorte + 1) − (mês − 1) − deslocamento; 0); 12).
B1759: Cobertura de j (C118): confere se as colunas j (0 a 9) bastam, isto é, se o acréscimo máximo exigido e o atraso Δ não excedem 97 meses; "Ampliar j" indica que é preciso estender as colunas.
